id	smiles	n_atoms	n_frames
ex_0001	C1=CC2=CC=CC3=C2[N+](=C1)[Pd-2]1([Se]3)[Se]C2=C3C(=CC=C2)C=CC=[N+]31	35	2
ex_0002	C1=CC2=CC=C3C=CC=[N+]4C3=C2[N+](=C1)[Cu-4]412([N+]3=CC=CC4=CC=C5C=CC=[N+]1C5=C43)[N+]1=CC=CC3=CC=C4C=CC=[N+]2C4=C31	67	16
ex_0003	[I][Cu-3]12[N+]3=CC=CC=C3[As](C3=CC=CC=[N+]31)C1=CC=CC=[N+]12	33	3
ex_0004	C1C[N+]2=C(N1)C1=[N+](CCN1)[Co-3]213([N+]2=C(NCC2)C2=[N+]1CCN2)[N+]1=C(NCC1)C1=[N+]3CCN1	61	10
ex_0005	CC1=CC(C)=C(C2=C3C=C(Br)C4=[N+]3[Ni-2]35[N]6C2=C(Br)C(Br)=C6C2=[N+]3C(=C(C3=C(C)C=C(C)C=C3C)C3=CC(Br)=C(N4C4=CC=C(Br)C=C4)[N]35)C(Br)=C2Br)C(C)=C1	83	22
ex_0006	C[As+]1(C)C2=C(C(F)(F)C2(F)F)[As+](C)(C)[Re-2]1([Cl])([Cl])([Cl])[Cl]	31	6
ex_0007	[Cl][Ni-4]12([Cl])([N+]3=CC=CC=C3C3=[N+]1C=CN3)[N+]1=CC=CC=C1C1=[N+]2C=CN1	39	10
ex_0008	CC1=CC(C)=[N+]([Mo-3]([Br])([Br])([Br])([Br])[N+]2=C(C)C=C(C)N2)N1	35	19
ex_0009	CC1=CC(C)=[C]([Sb+]([Au-][Cl])([C]2=C(C)C=C(C)C=C2C)[C]2=C(C)C=C(C)C=C2C)C(C)=C1	63	13
ex_0010	CC1=CC=CC2=C1[N]1C(=CC3=[N+](C4=C(C)C=CC=C4O3)[Fe-2]13[N]1C(=CC4=[N+]3C3=C(C)C=CC=C3O4)OC3=CC=CC(C)=C31)O2	69	7
ex_0011	[Cl][Ni-4]12([Cl])([N+]3=CC=CC=C3C3=CC=CC=[N+]31)[N+]1=CC=CC=C1C1=CC=CC=[N+]12	43	8
ex_0012	BrC1=CC(Br)=C2C=CC=[N+]3C2=C1[O][Zn-4]312([O]C3=C4C(=C(Br)C=C3Br)C=CC=[N+]41)[N+]1=CC=CC3=CC=C4C=CC=[N+]2C4=C31	57	12
ex_0013	CC1=CC(C)=[N+]2[BH-]3[N+]4=C(C)C=C(C)[N]4[Mo-2]([OH])([OH])([N]=O)([N]12)[N]1C(C)=CC(C)=[N+]31	51	5
ex_0014	NC1=NC2=C3C(=N1)N=CC1=[N+]3[Cu-4]34([O]C1=O)([O]2)[N+]1=CC=CC=C1C[NH+]3CC1=CC=CC=[N+]14	47	5
ex_0015	O=S(=O)([O-])[O][Cu-3]12([N+]3=CC=CC4=CC=C5C=CC=[N+]1C5=C43)[N+]1=CC=CC3=CC=C4C=CC=[N+]2C4=C31	50	16
ex_0016	CC1=CC=C2C=CC3=C4C2=[N+]1[Cu-3]1([N+]4=C(C)C=C3)[N+]2=C(C)C=CC3=CC=C4C=CC(C)=[N+]1C4=C32	57	12
ex_0017	C1=CC=[N+]2C(=C1)C[NH+]1CC3=CNC=[N+]3[Ni-4]2134[N+]1=CC=CC=C1C[NH+]3CC1=CNC=[N+]14	53	5
ex_0018	CN1C=C[N+]2=C1C=[N+]1C3CC4CC(C3)[N+]3=CC5=[N+](C=CN5C)[Fe-4]1325[N+]4=CC1=[N+]5C=CN1C	58	5
ex_0019	[Cl][Cu-3]12([N+]3=CC=CC4=CC=C5C=CC=[N+]1C5=C43)[N+]1=CC=CC3=CC=C4C=CC=[N+]2C4=C31	46	8
ex_0020	CC1=CC=C2C=CC3=C4C2=[N+]1[Cu-3]1([N+]4=C(C)C=C3)[N+]2=C(C)C=CC3=CC=C4C=CC(C)=[N+]1C4=C32	57	12
ex_0021	FC1=C(F)C(F)=C(C2=C3C=CC4=C(C5=C(F)C(F)=C(F)C(F)=C5F)C5=[N+]6C(=C7C=CC8=C(C9=C(F)C(F)=C(F)C(F)=C9F)C9=[C](C2=CN9)[Cu-]6([N]34)[N]87)C=C5)C(F)=C1F	65	20
ex_0022	CC#[N+][Cu-3]12[N+]3=C(C)C=CC=C3[As](=O)(C3=CC=CC(C)=[N+]31)C1=CC=CC(C)=[N+]12	48	2
ex_0023	[Cl][Cu-4]12([Cl])([N+]3=CC=CC=C3C3=[N+]1C=CN3)[N+]1=CC=CC=C1C1=[N+]2C=CN1	39	4
ex_0024	C1=CC=[N+]2C(=C1)C1C3=CC=CC=[N+]3[Ni-4]234([N+]2=CC=CC=C12)[N+]1=CC=CC=C1C(C1=CC=CC=[N+]13)C1=CC=CC=[N+]14	65	9
ex_0025	C1=CC=C2C(=C1)C1=NC3=[N+](C=CS3)[Mn-3]345([N]1C2=NC1=[N+]3C=CS1)[N]1C(=NC2=[N+]4C=CS2)C2=CC=CC=C2C1=NC1=[N+]5C=CS1	59	10
ex_0026	O=[N][Ir-]1([P+](C2=CC=CC=C2)(C2=CC=CC=C2)C2=CC=CC=C2)[O]C2=C(Br)C(Br)=C(Br)C(Br)=C2[O]1	49	38
ex_0027	CC1=CC(C)=[N+]2C3=CC(Br)=C(Br)C=C3[N]3C(C)=CC(C)=[N+]4C5=CC(Br)=C(Br)C=C5[N]1[Ni-2]342	49	80
ex_0028	ClC1=CC(I)=C2[O][Ni-4]34([O]C5=C6C(=C(Cl)C=C5I)C=CC=[N+]63)([O]C3=C5C(=C(Cl)C=C3I)C=CC=[N+]54)[N+]3=C2C1=CC=C3	52	4
ex_0029	C[N+]1(C)C2=CC=CC=C2[P+](C23CC4CC(CC(C4)C2)C3)(C23CC4CC(CC(C4)C2)C3)[Au-]12[O]C1=C(Br)C(Br)=C(Br)C(Br)=C1[O]2	83	16
ex_0030	O=[N+]([O-])C1=CC2=NC3=C(N=C2C=C1[N+](=O)[O-])[O][Cu-2]1([O]C2=NC4=CC([N+](=O)[O-])=C([N+](=O)[O-])C=C4N=C2[O]1)[O]3	41	44
ex_0031	C[N+]1(C)CCC[Se+](C2=CC=CC=C2)[Pd-2]1([Cl])[Cl]	33	2
ex_0032	CC1=[N+]([O])[Co-5]2([Cl])([N+]3=CC=C(C(=O)O)C=C3)([N+]([O])=C(C)C(C)=[N+]2O)[N+](O)=C1C	46	15
ex_0033	C1=C[N]2[N+](=C1)[BH-]1[N+]3=CC=C[N]3[Co-4]234([N]2C=CC=[N+]12)[N]1C=CC=[N+]1[BH-]([N+]1=CC=C[N]13)[N+]1=CC=C[N]14	53	6
ex_0034	CC1=CC=C([As+]([Au-][Cl])(C2=CC=C(C)C=C2)C2=CC=C(C)C=C2)C=C1	45	7
ex_0035	C1=CC=C(C2=C3C=CC4=C(C5=CC=CC=C5)C5=[N+]6C(=C(C7=CC=CC=C7)C7=CC=C8C(C9=CC=CC=C9)=C9C=CC2=[N+]9[Zn-2]6([N]87)[N]34)C=C5)C=C1	77	22
ex_0036	C1=C[N]2[N+](=C1)[BH-]1[N+]3=CC=C[N]3[Co-4]234([N]2C=CC=[N+]12)[N]1C=CC=[N+]1[BH-]([N+]1=CC=C[N]13)[N+]1=CC=C[N]14	53	6
ex_0037	[Cl][Au-][Sb+]([C]1=CC=CC=C1)([C]1=CC=CC=C1)[C]1=CC=CC=C1	36	7
ex_0038	BrC1=CC=C([NH2+][Zn-2]([Br])([Br])[NH2+]C2=CC=C(Br)C=C2)C=C1	31	18
ex_0039	C1=CC2=CC=C3C=CC=[N+]4C3=C2[N+](=C1)[Cu-4]412([N+]3=CC=CC4=CC=C5C=CC=[N+]1C5=C43)[N+]1=CC=CC3=CC=C4C=CC=[N+]2C4=C31	67	16
ex_0040	CC1=CC(C)=[N+]2[BH-]3[N+]4=C(C)C=C(C)[N]4[Mo-3]([Cl])([N]=O)([N+]4=CC=C(C(C)(C)C)C=C4)([N]12)[N]1C(C)=CC(C)=[N+]31	71	17
ex_0041	C[As+]1(C)C2=CC=CC=C2[As+](C)(C)[Ru-2]1([Cl])([Cl])([Cl])[N]=O	34	6
ex_0042	C1=CC=C2C(=C1)C1=NC3=[N+]4C(=NC5=C6C=CC=CC6=C6N=C7C8=CC=CC=C8C8=[N+]7[Fe-4]4([N+]4=CNC=C4)([N+]4=CNC=C4)([N]1C2=N8)[N]56)C1=CC=CC=C13	75	2
ex_0043	S=C=[N][Zn-3]12([N+]3=CC=CC4=CC=C5C=CC(Cl)=[N+]1C5=C43)[N+]1=CC=CC3=CC=C4C=CC(Cl)=[N+]2C4=C31	48	4
ex_0044	NN1C=N[N+]2=C1N[NH2+][Zn-4]213([NH2+]NC2=[N+]1N=CN2N)[NH2+]NC1=[N+]3N=CN1N	43	8
ex_0045	C1=C[N]2[N+](=C1)C1[N+]3=CC=C[N]3[Zn-4]234([N]2C=CC=[N+]12)[N]1C=CC=[N+]1C([N+]1=CC=C[N]13)[N+]1=CC=C[N]14	53	7
ex_0046	[O][N+]1=C2C(=O)NC(=O)NC2=[O+][Co-6]123([O+]=C1NC(=O)NC(=O)C1=[N+]2[O])[O+]=C1NC(=O)NC(=O)C1=[N+]3[O]	40	4
ex_0047	[Cl][Au-][As+](C1=CC=CC=C1)(C1=CC=CC=C1)C1=CC=CC=C1	36	7
ex_0048	COC1=CC=CC(OC)=[C]1[Sb+]([C]1=C(OC)C=CC=C1OC)([C]1=C(OC)C=CC=C1OC)[Hg-]([I])[I]	61	40
ex_0049	C1=CC=C(C2=C3C=CC4=C(C5=CC=CC=C5)C5=[N+]6C(=C(C7=CC=CC=C7)C7=CC=C8C(C9=CC=CC=C9)=C9C=CC2=[N+]9[Zn-2]6([N]87)[N]34)C=C5)C=C1	77	22
ex_0050	C1=CC=C([B-]23O[N+]4=CC=[N+]5O[B-]6(C7=CC=CC=C7)O[N+]7=CC=[N+](O2)[Ni-4]4572[N+](=CC=[N+]2O6)O3)C=C1	49	5
ex_0051	C1=CC2=CC=C3C=CC=[N+]4C3=C2[N+](=C1)[Ni-4]412([N+]3=CC=CC4=CC=C5C=CC=[N+]1C5=C43)[N+]1=CC=CC3=CC=C4C=CC=[N+]2C4=C31	67	18
ex_0052	C1=CC=C([B-]23N4C=PC=[N+]4[Ni-4]45([N+]6=CP=CN62)([N+]2=CP=CN23)[N+]2=CP=CN2[B-](C2=CC=CC=C2)(N2C=PC=[N+]24)N2C=PC=[N+]25)C=C1	67	8
ex_0053	CC#[N+][Ag-2]1[N+]2=CC(C)=CC=C2C2=CC=C(C)C=[N+]21	33	30
ex_0054	NC1=[N+](O)[Ni-4]234([N+](O)=C(N)C5=CC=CC(=[N+]52)C(N)=[N+]3O)[N+](O)=C(N)C2=[N+]4C1=CC=C2	47	2
ex_0055	C1=CC=C(C2=C3C=CC4=C(C5=CC=CC=C5)C5=[N+]6C(=C(C7=CC=CC=C7)C7=CC=C8C(C9=CC=CC=C9)=C9C=CC2=[N+]9[Zn-2]6([N]87)[N]34)C=C5)C=C1	77	22
ex_0056	C1=CC=[N+]2C(=C1)C1=CC=CC3=[N+]1[Pt-2]21[N+]2=CC=CC=C2C2=[N+]1C3=CC=C2	39	34
ex_0057	FC1=C(F)C(F)=[C]([Au-][As+](C2=CC=CC=C2)(C2=CC=CC=C2)C2=CC=CC=C2)C(F)=C1F	46	8
ex_0058	ClC1=CC2=CC=C[N+]3=C2C2=[N+](C=CC=C12)[Zn-4]312([O]C3=C4C(=C(Br)C=C3Br)C=CC=[N+]41)[O]C1=C3C(=C(Br)C=C1Br)C=CC=[N+]32	57	18
ex_0059	FC1=C(F)C(F)=C(C2=C3C=CC4=C(C5=C(F)C(F)=C(F)C(F)=C5F)C5=CC=C6C7=[N+]8C(=C(C9=C(F)C(F)=C(F)C(F)=C9F)C9=CC=C2[N]9[Pd-2]8([N]56)[N]34)C=C7)C(F)=C1F	65	19
ex_0060	O=[Se](=O)([O-])[O][Cu-3]12([N+]3=CC=CC4=CC=C5C=CC=[N+]1C5=C43)[N+]1=CC=CC3=CC=C4C=CC=[N+]2C4=C31	50	16
ex_0061	[Cl][Au-]1([Cl])[Se+]=P(C2=CC=CC=C2)(C2=CC=CC=C2)C2=CC=CC=[C]21	37	17
ex_0062	C1=C[N+]([Ni-4]([N+]2=CNC=C2)([N+]2=CNC=C2)([N+]2=CNC=C2)([N+]2=CNC=C2)[N+]2=CNC=C2)=CN1	55	10
ex_0063	C1=CC=C(C2=C3C=CC4=C(C5=CC=CC=C5)C5=[N+]6C(=C(C7=CC=CC=C7)C7=CC=C8C(C9=CC=CC=C9)=C9C=CC2=[N+]9[Zn-2]6([N]87)[N]34)C=C5)C=C1	77	22
ex_0064	COC1=CC=[N+]2C(=C1)C1=CC(OC)=CC=[N+]1[Zn-4]213([O]C2=C4C(=C(Br)C=C2Br)C=CC=[N+]41)[O]C1=C2C(=C(Br)C=C1Br)C=CC=[N+]23	63	24
ex_0065	C[OH+][Co-3]123[O]C4=C(Br)C=C(Br)C=C4C[N+]1(CC[N+]2(C)C)CC1=CC(Br)=CC(Br)=C1[O]3	51	11
ex_0066	C1=CC=C2C(=C1)NC1=[N+]2[Mn-4]2345[N+]6=C(C[N+]2(CC[N+]3(CC2=[N+]4C3=CC=CC=C3N2)CC2=[N+]5C3=CC=CC=C3N2)C1)NC1=CC=CC=C16	77	7
ex_0067	O=C=[N][Zn-2]([N]=C=O)([N+]1=C2N=CC=CN2N=C1)[N+]1=C2N=CC=CN2N=C1	33	12
ex_0068	O[N+]1=CC2=CC=CC=[N+]2[Ni-5]123([N+](O)=CC1=CC=CC=[N+]12)[N+](O)=CC1=CC=CC=[N+]13	46	18
ex_0069	C1=CC=C(C2=C3C=CC4=C(C5=CC=CC=C5)C5=[N+]6C(=C(C7=CC=CC=C7)C7=CC=C8C(C9=CC=CC=C9)=C9C=CC2=[N+]9[Zn-2]6([N]87)[N]34)C=C5)C=C1	77	22
ex_0070	CC1=C(C)C2=CC=C[N+]3=C2C2=[N+](C=CC=C12)[Cu-4]312([N+]3=CC=CC4=C(C)C(C)=C5C=CC=[N+]1C5=C43)[N+]1=CC=CC3=C(C)C(C)=C4C=CC=[N+]2C4=C31	85	16
ex_0071	BrC1=CC=C(C2=C(C3=CC=C(Br)C=C3)[S][Co-]3([S]2)[S]C(C2=CC=C(Br)C=C2)=C(C2=CC=C(Br)C=C2)[S]3)C=C1	53	38
ex_0072	CC1=CC(C)=[N+]2C3[N+]4=C(C)C=C(C)[N]4[Co-4]45([N]12)([N]1C(C)=CC(C)=[N+]31)[N]1C(C)=CC(C)=[N+]1C([N+]1=C(C)C=C(C)[N]14)[N+]1=C(C)C=C(C)[N]15	89	9
ex_0073	ClC1=CC=[N+]2C3=C4C(=CC=C13)C(Cl)=CC=[N+]4[Zn-4]213([O]C2=C4C(=C(Br)C=C2Br)C=CC=[N+]41)[O]C1=C2C(=C(Br)C=C1Br)C=CC=[N+]23	57	12
ex_0074	S=C=[N][Zn-2]([N]=C=S)([N+]1=CC=CC2=CC=CC=C21)[N+]1=CC=CC2=CC=CC=C21	41	12
ex_0075	CC(C)P(=[Se+][Au-][Cl])(C(C)(C)C)C(C)(C)C	40	7
ex_0076	F[B-]12O[N+]3=C(C4=CC=CC=C4)C(C4=CC=CC=C4)=[N+]4O[B-]5(F)O[N+]6=C(C7=CC=CC=C7)C(C7=CC=CC=C7)=[N+](O1)[Fe-4]3461[N+](=C(N3C=CN=C3)C(N3C=CN=C3)=[N+]1O5)O2	83	35
ex_0077	CC1=CC(C)=[N+]([Pd-2]([N+]2=C(C)C=C(C)N2)([N+]2=C(C)C=C(C)N2)[N+]2=C(C)C=C(C)N2)N1	61	5
ex_0078	CC(C)C1=CC(C(C)C)=C(C2=C(C(C)C)C=C(C(C)C)C(C3=C(C(C)C)C=C(C(C)C)C=C3C(C)C)=C2[N+]2=N[O][Co-]([N]=O)([N]=O)[O]2)C(C(C)C)=C1	112	68
ex_0079	[Br][Au][Se][P](C1=CC=CC=C1)(C1=CC=CC=C1)C1=CC=CC=C1	37	7
ex_0080	CC(=O)C1=CC2=C(C3=C(C)C=C(C)C=C3C)C3=CC=C4C5=[N+]6C(=C(C7=C(C)C=C(C)C=C7C)C7=CC=C8NC1=[N+]2[Ni-2]6([N]87)[N]34)C=C5	78	21
ex_0081	[O][N+]1=C(C2=CC=CC=C2)C(C2=CC=CC=C2)=[N+](O)[Fe-6]12([N+]1=CN=CN=C1)([N+]1=CN=CN=C1)[N+]([O])=C(C1=CC=CC=C1)C(C1=CC=CC=C1)=[N+]2O	77	16
ex_0082	CC1=C(C)C2=CC=C[N+]3=C2C2=[N+](C=CC=C12)[Zn-4]312([O]C3=C4C(=C(Br)C=C3Br)C=CC=[N+]41)[O]C1=C3C(=C(Br)C=C1Br)C=CC=[N+]32	63	18
ex_0083	BrC1=C[N]2[N+](=C1)[BH-]1[N+]3=CC(Br)=C[N]3[Cd-4]234([N]2C=C(Br)C=[N+]12)[N]1C=C(Br)C=[N+]1[BH-]([N+]1=CC(Br)=C[N]13)[N+]1=CC(Br)=C[N]14	53	9
ex_0084	O=C1C(=O)[N]2C3=CC=C(Cl)C=C3C(C3=CC=CC=C3)=[N+]3CCCC[N+]4=C(C5=CC=CC=C5)C5=CC(Cl)=CC=C5[N]1[Cu-2]243	65	54
ex_0085	S=C=[N][Fe-2]([N]=C=S)([N]=C=S)([N+]1=CC=C(C2=CC=NC=C2)C=C1)[N+]1=CC=C(C2=CC=NC=C2)C=C1	50	33
ex_0086	C1=C[N+]([Ni-2]([N+]2=CNC=C2)([N+]2=CNC=C2)[N+]2=CNC=C2)=CN1	37	7
ex_0087	[Br][Pt-2]([Br])([Br])([Br])([N+]1=CC=C(C2=CC=CC=C2)C=C1)[N+]1=CC=C(C2=CC=CC=C2)C=C1	47	20
ex_0088	CC1=[N+]([Zn-2]([N]=C=S)([N]=C=S)[N+]2=C(C)NC=C2)C=CN1	31	12
ex_0089	[Cl][Fe-3]([Cl])([N+]1=CNC=C1)([N+]1=CNC=C1)([N+]1=CNC=C1)[N+]1=CNC=C1	39	20
ex_0090	[Cl][Cu-3]12([N+]3=CC=CC4=CC=C5C=CC=[N+]1C5=C43)[N+]1=CC=CC3=CC=C4C=CC=[N+]2C4=C31	46	8
ex_0091	[OH2+][Zn-3]12([O]C3=C4C(=C(Br)C=C3Br)C=CC=[N+]41)[O]C1=C3C(=C(Br)C=C1Br)C=CC=[N+]32	38	12
ex_0092	CC(C)(C)C1=CC2=C([O][Ni-]3([O]C4=C(C=C(C(C)(C)C)C=C4C(C)(C)C)[Se]3)[Se]2)C(C(C)(C)C)=C1	73	16
ex_0093	CC1=CC(C2=CC=C(F)C=C2)=CC2=[N+]1[Cu-3]1([N+]3=C(C)C=C(C4=CC=C(F)C=C4)C=C3C3=CC(C4=CC=C(F)C=C4)=CC(C)=[N+]31)[N+]1=C(C)C=C(C3=CC=C(F)C=C3)C=C21	93	6
ex_0094	BrC1=CC=C(C2=C(C3=CC=C(Br)C=C3)[S][Co-2]3([S]2)[S]C(C2=CC=C(Br)C=C2)=C(C2=CC=C(Br)C=C2)[S]3)C=C1	53	38
ex_0095	CC1=CC=C2C3=CC=C(C)C=[N+]3[Zn-4]34([O]C5=C6C(=C(Br)C=C5Br)C=CC=[N+]63)([O]C3=C5C(=C(Br)C=C3Br)C=CC=[N+]54)[N+]2=C1	61	18
ex_0096	BrCC1=CC=C2C=CC3=C4C2=[N+]1[Cu-3]1([N+]4=C(CBr)C=C3)[N+]2=C(CBr)C=CC3=CC=C4C=CC(CBr)=[N+]1C4=C32	57	8
ex_0097	BrCC1=CC=CC2=[N+]1[Cu-3]1([N+]3=C(CBr)C=CC=C3C3=CC=CC(CBr)=[N+]31)[N+]1=C(CBr)C=CC=C21	53	2
ex_0098	C1=CC=C([As+]([Au-][C]2=CC=CO2)(C2=CC=CC=C2)C2=CC=CC=C2)C=C1	43	7
ex_0099	O=[N+]([O-])[O][Zn-3]12([N+]3=CC=CC=C3C3=CC=CC=[N+]31)[N+]1=CC=CC=C1C1=CC=CC=[N+]12	45	12
ex_0100	CC1=CC(C)=[N+](C2=C(C(C)C)C=CC=C2C(C)C)[Zn-2]([CH3])([N+]2=CC=C(N(C)C)C=C2)[N]1C1=C(C(C)C)C=CC=C1C(C)C	96	10
ex_0101	CCN1C(=[Se])SC2=C1[S][Au-]1([S]2)[S]C2=C([S]1)N(CC)C(=[Se])S2	31	8
ex_0102	C1CNC2=[N+](C1)[Fe-4]13([N+]4=C2NCCC4)([N+]2=C(NCCC2)C2=[N+]1CCCN2)[N+]1=C(NCCC1)C1=[N+]3CCCN1	79	16
ex_0103	C1=C[N+]([Ni-4]([N+]2=CNC=C2)([N+]2=CNC=C2)([N+]2=CNC=C2)([N+]2=CNC=C2)[N+]2=CNC=C2)=CN1	55	10
ex_0104	CCN1C(=S)SC2=C1[Se][Au]1([Se]2)[Se]C2=C([Se]1)N(CC)C(=S)S2	31	8
ex_0105	C1=CN[N+]([Mn-4]([N+]2=CC=CN2)([N+]2=CC=CN2)([N+]2=CC=CN2)([N+]2=CC=CN2)[N+]2=CC=CN2)=C1	55	8
ex_0106	CCN1C(=[Se])SC2=C1[S][Ni-]1([S]2)[S]C2=C([S]1)N(CC)C(=[Se])S2	31	8
ex_0107	C1=C[N+]([Ni-4]([N+]2=CNC=C2)([N+]2=CNC=C2)([N+]2=CNC=C2)([N+]2=CNC=C2)[N+]2=CNC=C2)=CN1	55	10
ex_0108	[I][Pt-]([I])([I])[As](C1=CC=CC=C1)(C1=CC=CC=C1)C1=CC=CC=C1	38	26
ex_0109	C1=C[N+]([Ni-4]([N+]2=CNC=C2)([N+]2=CNC=C2)([N+]2=CNC=C2)([N+]2=CNC=C2)[N+]2=CNC=C2)=CN1	55	10
ex_0110	CC1=[N+]2O[B-]3(C4=CC=CC=C4)O[N+]4=C(C)C5=[N+](C=CN5C)[Fe-4]245([N+]2=C1N(C)C=C2)[N+]1=C(C(C)=[N+]5O3)N(C)C=C1	67	3
ex_0111	O=[Se](=O)([O-])[O][Cu-3]12([N+]3=CC=CC4=CC=C5C=CC=[N+]1C5=C43)[N+]1=CC=CC3=CC=C4C=CC=[N+]2C4=C31	50	16
ex_0112	C1=CC2=NC3=C4C=CC5=[N+]4[Ni-4]46[N+](=C5)CCCC[N+]4=CC4=[N+]6C(=C3N=C2C=C1)C=C4	47	5
ex_0113	[Br][Cu-4]([Br])([N+]1=CC=CN1)([N+]1=CC=CN1)([N+]1=CC=CN1)[N+]1=CC=CN1	39	20
ex_0114	C1=C[N+]([Ni-4]([N+]2=CNC=C2)([N+]2=CNC=C2)([N+]2=CNC=C2)([N+]2=CNC=C2)[N+]2=CNC=C2)=CN1	55	10
ex_0115	C1=CC=C2C(=C1)C=CC1=C2[N+]2=NC3=[N+](C=CS3)[Co-3]234([O]C2=CC=C5C=CC=CC5=C2[N+]3=NC2=[N+]4C=CS2)[O]1	53	8
ex_0116	CC(C)C1=CC=CC(C(C)C)=C1N1C=CN(C2=C(C(C)C)C=CC=C2C(C)C)C1=[Se+][Cu-][Cl]	68	14
ex_0117	CC1=CC=C([B-]23C4=CC=CC5=[N+]4[Sc-3]4([Cl])([N]6C=CC=[N+]62)([N]2C=CC=[N+]23)[N]2C=CC=[N+]2[B-]5(C2=CC=C(C)C=C2)[N+]2=CC=C[N]24)C=C1	73	27
ex_0118	C=CN1C=C[N+]([Ni-4]([N+]2=CN(C=C)C=C2)([N+]2=CN(C=C)C=C2)([N+]2=CN(C=C)C=C2)([N+]2=CN(C=C)C=C2)[N+]2=CN(C=C)C=C2)=C1	79	10
ex_0119	CC1=CC=CC=C1[As+]([Au-][Cl])(C1=CC=CC=C1C)C1=CC=CC=C1C	45	14
ex_0120	C1=CC=C2C(=C1)[O][Co-4]134([O]C5=CC=CC=C5[N+]1=CC1=[N+]3C=CN1)[N+]2=CC1=[N+]4C=CN1	45	9
ex_0121	CC(C)[N]1C2=CC=C([Se]C3=CC=CC=C3)C=CC2=[N+](C(C)C)[Zn-]1[CH3]	50	21
ex_0122	O=C(O)C1=CC=[N+]([Rh-3]([Cl])([Cl])([N+]2=CC=C(C(=O)O)C=C2)([N+]2=CC=C(C(=O)O)C=C2)[N+]2=CC=C(C(=O)O)C=C2)C=C1	59	21
ex_0123	[Br][Os-2]([Br])([Br])([Br])([S+]1CCCC1)[S+]1CCCC1	31	36
ex_0124	CN1C=C[N+]2=C1C(=O)C1=[N+](C=CN1C)[Fe-4]21([N]=C=[Se])([N]=C=[Se])[N+]2=C(C(=O)C3=[N+]1C=CN3C)N(C)C=C2	55	4
ex_0125	CC1=CC=[N+]([Ni-2]2([Cl])[N](C3=CC=CC=C3)C3=CC=CC=C3[N+]2(C)C)C(C)=C1	50	8
ex_0126	CC1=CC=[N+]2C(=C1)C1=CC(C)=CC=[N+]1[Zn-4]213([O]C2=C4C(=C(Br)C=C2Br)C=CC=[N+]41)[O]C1=C2C(=C(Br)C=C1Br)C=CC=[N+]23	61	18
ex_0127	CN1C=[N+]([Fe-3]([Cl])([Cl])([N+]2=CN(C)C(Cl)=C2)([N+]2=CN(C)C(Cl)=C2)[N+]2=CN(C)C(Cl)=C2)C=C1Cl	51	14
ex_0128	CC1=CC=CC(C)=C1[N+]#[C][Co-4]([C]#[N+]C1=C(C)C=CC=C1C)([C]#[N+]C1=C(C)C=CC=C1C)[C+]1N(C2=C(C(C)C)C=CC=C2C(C)C)C(C)(C)CC1(C)C	110	8
ex_0129	C1=CC=[As+]([W-6]([As+]2=CC=CC=C2)([As+]2=CC=CC=C2)([As+]2=CC=CC=C2)([As+]2=CC=CC=C2)[As+]2=CC=CC=C2)C=C1	67	19
ex_0130	[I][Pt-2]([I])([I])[Sb+]([C]1=CC=CC=C1)([C]1=CC=CC=C1)[C]1=CC=CC=C1	38	24
ex_0131	CCN1C=C[N+]([Co-4]([N]=C=S)([N]=C=S)([N+]2=CN(CC)C=C2)([N+]2=CN(CC)C=C2)[N+]2=CN(CC)C=C2)=C1	67	15
ex_0132	[N-]=[N+]=[N][Co-3]123[N]4C5=CC=CC=C5N=C4C[N+]1(CC1=[N+]2C2=CC=CC=C2N1)CC1=[N+]3C2=CC=CC=C2N1	55	10
ex_0133	CC1=CC=C2C=CC3=C4C2=[N+]1[Cu-2]1([N+]4=C(C)C=C3)[N+]2=C(C)C=CC3=CC=C4C=CC(C)=[N+]1C4=C32	57	12
ex_0134	C[As+]1(C)C2=CC=CC=C2[As+](C)(C)[Ru-2]1([Cl])([N]=O)([O][N+](=O)[O-])[O][N+](=O)[O-]	40	25
ex_0135	CCC1=[N+]2O[B-]3(C4=CC(Br)=CC(Br)=C4)O[N+]4=C(CC)C(CC)=[N+]5O[B-]6(C7=CC(Br)=CC(Br)=C7)O[N+](=C1CC)[Fe-4]2451[N+](=C(CC)C(CC)=[N+]1O6)O3	85	65
ex_0136	[I][Pt-2]([I])([As+](C1=CC=CC=C1)(C1=CC=CC=C1)C1=CC=CC=C1)[As+](C1=CC=CC=C1)(C1=CC=CC=C1)C1=CC=CC=C1	71	26
ex_0137	C1=CC=[N+]2C(=C1)C1=NN=N[N]1[Cu-4]213([N]2N=NN=C2C2=CC=CC=[N+]21)[N+]1=CC=CC2=CC=C4C=CC=[N+]3C4=C21	53	8
ex_0138	CSCCC[B-]12[N+]3=CC=C[N]3[Fe-4]34([N]5C=CC=[N+]51)([N]1C=CC=[N+]12)[N]1C=CC=[N+]1[B-](CCCSC)([N+]1=CC=C[N]13)[N+]1=CC=C[N]14	79	7
ex_0139	CC1=CC(C(F)(F)F)=NC2=[S+][Cd-4]34([S+]=C5N=C(C(F)(F)F)C=C(C)[N]53)([N]12)[N+]1=CC=CC=C1C1=CC=CC=[N+]14	53	31
ex_0140	C[N+]1(C)CC[N+](C)(C)[Co-2]1([Se][Si](C)(C)C)[Se][Si](C)(C)C	53	18
ex_0141	C1=CC=[N+]2C(=C1)CC[N+]13CCC[NH2+][Ni-4]2145[OH+]CC1=[N+]4C(=CC=C1)C[NH+]5CCC3	58	5
ex_0142	CCN1C(=O)SC2=C1[Se][Au-]1([Se]2)[Se]C2=C([Se]1)N(CC)C(=O)S2	31	8
ex_0143	C1=CC=C2[O][Zn-3]345[NH2+]CC[N+]3(CC[N+]4=CC2=C1)CC1=CC=CC=[N+]15	44	4
ex_0144	CN(C)C(=[O+][Ta-]([Br])([Br])([Br])([Br])[O+]=C(N(C)C)N(C)C)N(C)C	45	36
ex_0145	CC1=C(C)[Se]C(=C2SC3=[S+][Ni-4]4([S+]=C3S2)[S+]=C2SC(=C3[Se]C(C)=C(C)[Se]3)[S-]C2=[S+]4)[Se]1	41	8
ex_0146	CC1=[NH+][Fe-4]234([NH+]=C1C)[N+]1=C(C)C(C)=[N+]2O[B-](F)(F)O[N+]3=C(C)C(C)=[N+]4O[B-](F)(F)O1	49	12
ex_0147	O=C1C2=CC=CC=C2S(=O)(=O)[N]1[Hg-3]12([N+]3=CC=CC4=CC=C5C=CC=[N+]1C5=C43)[N+]1=CC=CC3=CC=C4C=CC=[N+]2C4=C31	61	16
ex_0148	[Cl][Ni-2]12[N](C3=CC=CC4=CC=C[N+]1=C43)C1=C3C(=CC=C1)C=CC=[N+]32	35	4
ex_0149	[Br][W-2]1([Br])([Br])([Br])[P+](C2=CC=CC=C2)(C2=CC=CC=C2)CC[P+]1(C1=CC=CC=C1)C1=CC=CC=C1	57	6
ex_0150	S=C=[N][Ni-4]([N]=C=S)([N+]1=CC=CN1)([N+]1=CC=CN1)([N+]1=CC=CN1)[N+]1=CC=CN1	43	17
ex_0151	S=[As]1([S-])[S][Mn-4]23([S]1)([N+]1=CC=CC4=CC=C5C=CC=[N+]2C5=C41)[N+]1=CC=CC2=CC=C4C=CC=[N+]3C4=C21	50	3
ex_0152	[Br][Co]([Br])([Br])[N]=C=C([As](C1=CC=CC=C1)(C1=CC=CC=C1)C1=CC=CC=C1)[As](C1=CC=CC=C1)(C1=CC=CC=C1)C1=CC=CC=C1	75	31
ex_0153	CC1=CC=CC(C)=C1[N+]#[C][Cu-3]([C]#[N+]C1=C(C)C=CC=C1C)([C]#[N+]C1=C(C)C=CC=C1C)[N]=C=S	61	44
ex_0154	O=C1C(=O)[N]2C3=CC=CC=C3C(C3=CC=CC=C3)=[N+]3CC[N+]4=C(C5=CC=CC=C5)C5=CC=CC=C5[N]1[Cu-2]243	59	52
ex_0155	C1=CC=C([As+]([Au-][As+](C2=CC=CC=C2)(C2=CC=CC=C2)C2=CC=CC=C2)(C2=CC=CC=C2)C2=CC=CC=C2)C=C1	69	7
ex_0156	CCCN1C(=S)SC2=C1[Se][Au-]1([Se]2)[Se]C2=C([Se]1)N(CCC)C(=S)S2	37	8
ex_0157	CC(C)[N+]1=P(C(C)(C)C)(C(C)(C)C)[Te][Mn-2]12[Te]P(C(C)(C)C)(C(C)(C)C)=[N+]2C(C)C	79	1
ex_0158	CC[N+]1(CC)CC[N+]2=C(C)C3=CC=C4C=CC=CC4=C3[O][Cu-2]21[N]=[N+]=[N-]	48	13
ex_0159	CC(C)(C)[P+]([Se]C1=CC=CC=N1)([Au-][Cl])C(C)(C)C	40	4
ex_0160	CC1=[N+]([O])[Co-4]2([N]=[N+]=[N-])([N]=[N+]=[N-])([N+]([O-])=C(C)C(C)=[N+]2O)[N+](O)=C1C	37	6
ex_0161	C1=CC=C2[NH2+][Cd-4]3456[NH2+]C7=CC=CC=C7C[N+]37CC[N+]4(CC[N+]5(CC7)CC3=CC=CC=C3[NH2+]6)CC2=C1	70	2
ex_0162	CC(C)C1=CC=CC(C(C)C)=C1N1C=CN(C2=C(C(C)C)C=CC=C2C(C)C)C1=[Se+][Au-][Cl]	68	12
ex_0163	C[N+]1=CC=C(C2=N[N]([Zn-2]([Br])([Br])[N]3N=NC(C4=CC=[N+](C)C=C4)=N3)N=N2)C=C1	41	18
ex_0164	C[N]1C2=CC=CC=C2C=[N+]2CC[N+]3=CC4=CC=CC=C4[N](C)[Cu-2]123	43	62
ex_0165	[Br][Cu-3]([N+]1=CNC=C1)([N+]1=CNC=C1)([N+]1=CNC=C1)[N+]1=CNC=C1	38	22
ex_0166	CC[N+]1(CC)CC[N+]2=CC3=CC([N+](=O)[O-])=CC=C3[O][Cu-2]21[O+]=CN(C)C	50	13
ex_0167	CN(C)C1=CC=[N+]([Cd-4]([N]C#[Se])([N]C#[Se])([O+]=S(C)C)([O+]=S(C)C)[N+]2=CC=C(N(C)C)C=C2)C=C1	67	62
ex_0168	CC1=CC(C)=C(N2C=CN(C3=C(C)C=C(C)C=C3C)C2=[Se+][Cu-][I])C(C)=C1	50	14
ex_0169	C1=CC=C2C(=C1)C=[N+]1CCC[N+]3=CC4=CC=CC=C4[N]4CC[N]2[Cu-2]413	44	59
ex_0170	CCN1C=C[N+]([Cd-4]([Cl])([Cl])([N+]2=CN(CC)C=C2)([N+]2=CN(CC)C=C2)[N+]2=CN(CC)C=C2)=C1	63	20
ex_0171	CNC1=N[N+]2=C(C)C(C)=[N+]3N=C(NC)[S][Zn-3]23([N+]2=CC=CC=C2)[S]1	42	6
ex_0172	CC1=CC(C)=C([N]2C(C)=CC(C)=[N+](C3=C(C)C=C(C)C=C3C)[Ni-]2[N](C2=CC=CC=C2)C2=CC=CC=C2)C(C)=C1	78	3
ex_0173	CN1C=CN(C)C1=[Se+][Cu-2]([I])[Se+]=C1N(C)C=CN1C	34	38
ex_0174	S=C=[N][Ni-4]([N]=C=S)([N+]1=CC=C(C2=CC=CC=C2)N1)([N+]1=CC=C(C2=CC=CC=C2)N1)([N+]1=CC=C(C2=CC=CC=C2)N1)[N+]1=CC=C(C2=CC=CC=C2)N1	83	21
ex_0175	CCN1C=C[N+]([Zn-4]([N+]2=CN(CC)C=C2)([N+]2=CN(CC)C=C2)([N+]2=CN(CC)C=C2)([N+]2=CN(CC)C=C2)[N+]2=CN(CC)C=C2)=C1	91	2
ex_0176	[Br][Mo-3]1([Br])([Br])([Br])[P+](C2=CC=CC=C2)(C2=CC=CC=C2)CC[P+]1(C1=CC=CC=C1)C1=CC=CC=C1	57	8
ex_0177	CC1=CC=CC=C1[P+]([Au-][Se]C#N)(C1=CC=CC=C1C)C1=CC=CC=C1C	47	10
ex_0178	CCN1C=C[N+]([Ni-4]([N+]2=CN(CC)C=C2)([N+]2=CN(CC)C=C2)([N+]2=CN(CC)C=C2)([N+]2=CN(CC)C=C2)[N+]2=CN(CC)C=C2)=C1	91	2
ex_0179	COC1=CC(C(C2=CC=CC=C2)C2=CC=CC=C2)=C(N2C=CN(C3=C(C(C4=CC=CC=C4)C4=CC=CC=C4)C=C(OC)C=C3C(C3=CC=CC=C3)C3=CC=CC=C3)C2=[Se+][Au-][Cl])C(C(C2=CC=CC=C2)C2=CC=CC=C2)=C1	132	13
ex_0180	CC1=C(C)N(C2=C(C(C)C)C=CC=C2C(C)C)C(=[Se+][Au-][Cl])N1C1=C(C(C)C)C=CC=C1C(C)C	74	12
ex_0181	NC1=NC=[N+]([Cu-3]2([Cl])([Cl])[N+]3=CC=CC4=CC=C5C=CC=[N+]2C5=C43)C2=NC=NC=C12	41	9
ex_0182	CC1=CC(C)=C(C2=CC=C3C=CC4=C5C3=[N+]2[Cu-3]2([N+]3=C(C)C=CC6=CC=C7C=CC(C)=[N+]2C7=C63)[N+]5=C(C2=C(C)C=C(C)C=C2C)C=C4)C(C)=C1	89	2
ex_0183	CC1=C[N+]([O][Zn-4]([Br])([Br])[O][N+]2=CC=C([N+](=O)[O-])C(C)=C2)=CC=C1[N+](=O)[O-]	37	20
ex_0184	CC(C)N1C=C[N+]2=C1C[N+]13CC[N+]45CC[N+]6(CC1)CC1=[N+](C=CN1C(C)C)[Mn-4]2346[N+]1=C(C5)N(C(C)C)C=C1	82	6
ex_0185	NC(=O)C1=CC=[N+]([Ni-4]([N]=C=S)([N]=C=S)([N+]2=CC=C(C(N)=O)C=C2)([N+]2=CC=C(C(N)=O)C=C2)[N+]2=CC=C(C(N)=O)C=C2)C=C1	67	22
ex_0186	N#C[N]C#[N+][Cu-4]([N+]#C[N]C#N)([N+]1=CC=CC2=C1C1=NC=CC=C1C2=O)[N+]1=CC=CC2=C1C1=NC=CC=C1C2=O	51	1
ex_0187	CCN1C=[N+]([Cu-4]([N+]2=CN(CC)N=N2)([N+]2=CN(CC)N=N2)([N+]2=CN(CC)N=N2)([N+]2=CN(CC)N=N2)[N+]2=CN(CC)N=N2)N=N1	79	9
ex_0188	O=C(CC1=CC=CC=C1)[O][Cu-3]12([N+]3=CC=CC4=CC=C5C=CC=[N+]1C5=C43)[N+]1=CC=CC3=CC=C4C=CC=[N+]2C4=C31	62	16
ex_0189	CN1C=C[N+]([Cu-3]([OH2+])([O][N+](=O)[O-])([O][N+](=O)[O-])[N+]2=CN(C)C=C2)=C1	36	33
ex_0190	O=[N+]([O-])C1=CC=CC=[C]1[Au-][As+](C1=CC=CC=C1)(C1=CC=CC=C1)C1=CC=CC=C1	48	7
ex_0191	[Cl][Ni-4]([Cl])([N+]1=CC=C(C2=CC=CC=C2)C=C1)([N+]1=CC=C(C2=CC=CC=C2)C=C1)([N+]1=CC=C(C2=CC=CC=C2)C=C1)[N+]1=CC=C(C2=CC=CC=C2)C=C1	87	20
ex_0192	CC1=C(C)N(C2=C(C(C)C)C=CC=C2C(C)C)C(=[Se+][Cu-][Cl])N1C1=C(C(C)C)C=CC=C1C(C)C	74	14
ex_0193	COC1=CC=C([N]2C(C)=CC(C)=[N+](C3=CC=C(OC)C=C3)[Zn-2]23[N](C2=CC=C(OC)C=C2)C(C)=CC(C)=[N+]3C2=CC=C(OC)C=C2)C=C1	89	1
ex_0194	[Br][Pt-2]([Br])([Br])[Sb+]([C]1=CC=CC=C1)([C]1=CC=CC=C1)[C]1=CC=CC=C1	38	28
ex_0195	[Cl][Pt-2]([Cl])([Sb+]([C]1=CC=CC=C1)([C]1=CC=CC=C1)[C]1=CC=CC=C1)[Sb+]([C]1=CC=CC=C1)([C]1=CC=CC=C1)[C]1=CC=CC=C1	71	25
ex_0196	[Cl][Zn-2]([N+]1=CC=C(C2CCCCC2)N1)([N+]1=CC=C(C2CCCCC2)N1)[N+]1=CC=C(C2CCCCC2)N1	77	11
ex_0197	C1=CC=[N+]([O][Cu-10]([O][N+]2=CC=CC=C2)([O][N+]2=CC=CC=C2)([O][N+]2=CC=CC=C2)([O][N+]2=CC=CC=C2)[O][N+]2=CC=CC=C2)C=C1	73	18
ex_0198	CC1=CC(C)=C(N2C=CN(C3=C(C)C=C(C)C=C3C)C2=[Se+][Cu-][Br])C(C)=C1	50	14
ex_0199	[N-]=[N+]=[N][Cu-3]12([N+]3=CC=CC=C3NC3=CC=CC=[N+]31)[N+]1=CC=CC=C1NC1=CC=CC=[N+]12	48	5
ex_0200	O=[N+]([O-])[O][Co-4]([O][N+](=O)[O-])([N+]1=CC=C(C2=CC=CC=C2)N1)([N+]1=CC=C(C2=CC=CC=C2)N1)([N+]1=CC=C(C2=CC=CC=C2)N1)[N+]1=CC=C(C2=CC=CC=C2)N1	85	19
ex_0201	C1=CC=[C]([Sb]23([C]4=CC=CC=C4)[C]4=C5C(=CC=C4)C=CC=[C]5[Au]2[C]2=CC=CC4=CC=C[C]3=C42)C=C1	56	18
ex_0202	C1=CC=[N+]([O][Fe-10]([O][N+]2=CC=CC=C2)([O][N+]2=CC=CC=C2)([O][N+]2=CC=CC=C2)([O][N+]2=CC=CC=C2)[O][N+]2=CC=CC=C2)C=C1	73	18
ex_0203	C1=CC=C2CC3=[N+](C4=CC=CC=C4N3)[Zn-2]3([N]4C5=CC=CC=C5N=C4CC2=C1)[N]1C2=CC=CC=C2N=C1CC1=CC=CC=C1CC1=[N+]3C2=CC=CC=C2N1	87	3
ex_0204	O=C1C(=O)[N](C2=CC=C(Br)C=C2)[Zn-2]2([N]1C1=CC=C(Br)C=C1)[N](C1=CC=C(Br)C=C1)C(=O)C(=O)[N]2C1=CC=C(Br)C=C1	57	2
ex_0205	N#C[Se][Pd-2]1([Se]C#N)[P+](C2=CC=CC=C2)(C2=CC=CC=C2)CC[P+]1(C1=CC=CC=C1)C1=CC=CC=C1	59	13
ex_0206	CC1=CC=CC=[N+]1[Pt-2]([O][N+](=O)[O-])([O][N+](=O)[O-])[N+]1=CC=CC=C1C	37	23
ex_0207	CC1=C(C)[S][W-]2([Se]C(C)(C)C)([S]1)[S]C(C)=C(C)[S]2	39	18
ex_0208	O[N+]1=C(C2=CC=CC=C2)C[N+]23CCC[N+]4(CC2)CC(C2=CC=CC=C2)=[N+](O)[Cu-3]134[Cl]	55	5
ex_0209	O=C(NC1=C(Cl)C=CC=C1Cl)[N]1C2=CC=CC=C2[N](C(=O)NC2=C(Cl)C=CC=C2Cl)[Cu-2]12[N](C(=O)NC1=C(Cl)C=CC=C1Cl)C1=CC=CC=C1[N]2C(=O)NC1=C(Cl)C=CC=C1Cl	85	4
ex_0210	C1=CC=[N+]2C(=C1)C1=CC=CC=[N+]1[Os-4]213([NH+]=C2C4=CC=CC5=CC=C6C=CC=C(C2=[NH+]1)C6=C54)[N+]1=CC=CC=C1C1=CC=CC=[N+]13	69	22
ex_0211	C1=CC=C([Se][Ni]234[S]C5=CC=CC=C5[P-]2(C2=CC=CC=C2[S]3)C2=CC=CC=C2[S]4)C=C1	47	5
ex_0212	C1=CC=C2C(=C1)N=C1C3=CC=CC4=[N+]3[Ni-2]35([N]21)([N]1C2=CC=CC=C2N=C1C1=CC=CC(=[N+]13)C1=NC2=CC=CC=C2[N]15)[N]1C2=CC=CC=C2N=C41	71	4
ex_0213	CCN1C(=O)SC2=C1[Se][Au]1([Se]2)[Se]C2=C([Se]1)N(CC)C(=O)S2	31	8
ex_0214	CC(C)(C)C1=CC=[N+]2C(=C1)C1=CC(C(C)(C)C)=CC=[N+]1[Cu-2]2[Se]C(F)(F)F	50	6
ex_0215	[I][Au-2]([As+](C1=CC=CC=C1)(C1=CC=CC=C1)C1=CC=CC=C1)[As+](C1=CC=CC=C1)(C1=CC=CC=C1)C1=CC=CC=C1	70	13
ex_0216	[O+]#[C][Rh-3]1([As+](C2=CC=CC=C2)(C2=CC=CC=C2)C2=CC=CC=C2)[O]N(C2=CC=CC=C2)N=[O+]1	52	33
ex_0217	C[Si](C)(C)[Se][Au-][P+](C1=CC=CC=C1)(C1=CC=CC=C1)C1=CC=CC=C1	49	7
ex_0218	CC1=[N+]([Cu-2]([N+]2=C(C)NC=C2)([N+]2=C(C)NC=C2)[N+]2=C(C)NC=C2)C=CN1	49	11
ex_0219	CC1=CC(C)=C(N2C=CN(C3=C(C)C=C(C)C=C3C)C2=[Se+][Au-][Cl])C(C)=C1	50	8
ex_0220	FC1=CC=C(C2=N[N](C3=CC=CC=C3)[Fe-2]3([N](C4=CC=CC=C4)N=C(C4=CC=C(F)C=C4)N=[N+]3C3=CC=CC=C3)[N+](C3=CC=CC=C3)=N2)C=C1	77	2
ex_0221	CC1=CC=[N+]([Ni-4]([N]=[N+]=[N-])([N]=[N+]=[N-])([N+]2=CC=C(C)N2)([N+]2=CC=C(C)N2)[N+]2=CC=C(C)N2)N1	55	13
ex_0222	CC1=CC=C([Te][Zn-2]2([Te]C3=CC=C(C)C=C3)[N+](C)(C)CC[N+]2(C)C)C=C1	55	9
ex_0223	CC1=[N+]2C3=CC=CC=C3[Se+](C)[Cu-3]23[N+](=C1C)C1=CC=CC=C1[Se+]3C	43	1
ex_0224	[Cl][Au][Se][P](C1=CC=CC=C1)(C1=CC=CC=C1)C1=CC=CC=C1	37	7
ex_0225	C[As+](C)(C1=CC=CC=C1)[Ru-3]([Br])([Br])([Br])([As+](C)(C)C1=CC=CC=C1)[As+](C)(C)C1=CC=CC=C1	64	10
ex_0226	[Se-][Mo-]12([S]C(C3=CC=CC=C3)=C(C3=CC=CC=C3)[S]1)[S]C(C1=CC=CC=C1)=C(C1=CC=CC=C1)[S]2	54	16
ex_0227	O=C([O][Cu-4]([O]C(=O)C1=CC=CO1)([N+]1=CC=CN1)([N+]1=CC=CN1)([N+]1=CC=CN1)[N+]1=CC=CN1)C1=CC=CO1	59	22
ex_0228	CC1=CC(C)=C(C2=CC=CC3=[N+]2[Cu-3]2([N+]4=C5C=CC=CC5=CC=C4C4=[N+]2C2=CC=CC=C2C=C4)[N+]2=C(C4=C(C)C=C(C)C=C4C)C=CC=C32)C(C)=C1	91	3
ex_0229	CCN1C(=[Se])SC2=C1[S][Ni]1([S]2)[S]C2=C([S]1)N(CC)C(=[Se])S2	31	8
ex_0230	C1=[N+]([Fe-4]([N+]2=CN(C3CC3)N=N2)([N+]2=CN(C3CC3)N=N2)([N+]2=CN(C3CC3)N=N2)([N+]2=CN(C3CC3)N=N2)[N+]2=CN(C3CC3)N=N2)N=NN1C1CC1	85	11
ex_0231	CC(C)P(=[Se+][Au-]([Cl])([Cl])[Cl])(C(C)C)C(C)(C)C	39	14
ex_0232	N#C[S][Hg-]([S]C#N)[As+](C1=CC=CC=C1)(C1=CC=CC=C1)C1=CC=CC=C1	41	19
ex_0233	CC(C)(C)C1=CC=[N+]([Mn-4]([N]=[N+]=[N-])([N]=[N+]=[N-])([N+]2=CC=C(C(C)(C)C)N2)([N+]2=CC=C(C(C)(C)C)N2)[N+]2=CC=C(C(C)(C)C)N2)N1	91	26
ex_0234	CC1=C(Br)C=[N+]([Ni-4]([Cl])([Cl])([N+]2=CC(Br)=C(C)N2)([N+]2=CC(Br)=C(C)N2)[N+]2=CC(Br)=C(C)N2)N1	51	7
ex_0235	CC(=O)C1=C[N]2CC[N+]3=C(C)C(C(C)=O)=C[N]4CC[N+](=C1C)[Ni-2]423	45	6
ex_0236	CC1=CC=[N+]([Ni-2]2[N](C3=C(C)C=CC=C3C)C(C)=CC(C)=[N+]2C2=C(C)C=CC=C2C)C(C)=C1	66	4
ex_0237	C[P](C)([Se][Au][P+](C1=CC=CC=C1)(C1=CC=CC=C1)C1=CC=CC=C1)C1=CC=CC=C1	56	7
ex_0238	CC1=C(Br)C=[N+]([Co-4]([Cl])([Cl])([N+]2=CC(Br)=C(C)N2)([N+]2=CC(Br)=C(C)N2)[N+]2=CC(Br)=C(C)N2)N1	51	4
ex_0239	CC(C)[N](C(C)C)[Cr+2]([N-2])([Se]C1=CC=CC=C1)[N](C(C)C)C(C)C	56	13
ex_0240	[Cl][Au-][As+](C1=CC=CC=C1)(C1=CC=CC=C1)C1=CC=CC2=CC=CN=C21	41	10
ex_0241	CC1=CC(C(C2=CC=CC=C2)C2=CC=CC=C2)=C(N2C=CN(C3=C(C(C4=CC=CC=C4)C4=CC=CC=C4)C=C(C)C=C3C(C3=CC=CC=C3)C3=CC=CC=C3)C2=[Se+][Au-][Cl])C(C(C2=CC=CC=C2)C2=CC=CC=C2)=C1	130	14
ex_0242	[H+]1[B-]2([H+][Zr-4]1345([H+][B-]1([H+]3)C3CCCC1CCC3)([H+][B-]1([H+]4)C3CCCC1CCC3)[H+][B-]1([H+]5)C3CCCC1CCC3)C1CCCC2CCC1	101	13
ex_0243	[Cl][Au-][As+](C1=CC=CC2=CC=CC=C21)(C1=CC=CC2=CC=CC=C21)C1=CC=CC2=CC=CC=C21	54	13
ex_0244	CC1=CC=[N+]([Pt-2]([N+]2=C(C)C=CN2)([N+]2=C(C)C=CN2)[N+]2=C(C)C=CN2)N1	49	5
ex_0245	[Cl][Au-][Se+]=C1N(C2CCCCC2)C=CN1C1CCCCC1	44	9
ex_0246	CCCN1C(=[Se])SC2=C1[S][Au-]1([S]2)[S]C2=C([S]1)N(CCC)C(=[Se])S2	37	8
ex_0247	CC1=C(C)[S][W-]2([Se]C34CC5CC(CC(C5)C3)C4)([S]1)[S]C(C)=C(C)[S]2	51	23
ex_0248	C1=CC=C([P]([Se][Au+][Se][P](C2=CC=CC=C2)(C2=CC=CC=C2)C2=CC=CC=C2)(C2=CC=CC=C2)C2=CC=CC=C2)C=C1	71	8
ex_0249	[Cl][Cr-3]12([Cl])([Cl])[N+]3(CC(Br)CBr)C[N+]1(CC(Br)CBr)C[N+]2(CC(Br)CBr)C3	46	5
ex_0250	[Cl][Pd-2]1([Cl])[As+](C2=CC=CC=C2)(C2=CC=CC=C2)CC[As+]1(C1=CC=CC=C1)C1=CC=CC=C1	55	1
ex_0251	CC(C)(C)C1=C(Br)C=[N+]([Co-4]([Cl])([Cl])([N+]2=CC(Br)=C(C(C)(C)C)N2)([N+]2=CC(Br)=C(C(C)(C)C)N2)[N+]2=CC(Br)=C(C(C)(C)C)N2)N1	87	20
ex_0252	[Cl][Au-][As+]1(C2=CC=CC=C2)C2=CC=CC=C2OCCOCCOCCOC2=CC=CC=C21	56	4
ex_0253	C1=CC=C([P+]([Au-][Se]C2=NC=CC=N2)(C2=CC=CC=C2)C2=CC=CC=C2)C=C1	45	7
ex_0254	FC(F)(F)C1=C(C(F)(F)F)[Se][Mo]23([Se]1)([Se]C(C(F)(F)F)=C(C(F)(F)F)[Se]2)[Se]C(C(F)(F)F)=C(C(F)(F)F)[Se]3	37	16
ex_0255	C1=CC=C2[Se][V-2]34([Se]C2=C1)([Se]C1=CC=CC=C1[Se]3)[Se]C1=CC=CC=C1[Se]4	37	16
ex_0256	CC1=C(Br)C=CC=[N+]1[Cu-2]([Br])([Br])[N+]1=CC=CC(Br)=C1C	31	8
ex_0257	[O+]#[C][Rh-4]([Cl])([Sb+]([C]1=CC=CC=C1)([C]1=CC=CC=C1)[C]1=CC=CC=C1)([Sb+]([C]1=CC=CC=C1)([C]1=CC=CC=C1)[C]1=CC=CC=C1)[Sb+]([C]1=CC=CC=C1)([C]1=CC=CC=C1)[C]1=CC=CC=C1	106	9
ex_0258	C[N]1C2=CC=CC=C2N=[N+]2C3=CC=CC=C3[N+]3=CC4=CC=CC=C4[O][Cu-2]132	42	52
ex_0259	CC(C)P(=[Se+][Cu-2]([Br])[Se+]=P(C(C)C)(C(C)C)C(C)C)(C(C)C)C(C)C	66	20
ex_0260	O=[N+]([O-])[O][Cu-3]([Sb+]([C]1=CC=CC=C1)([C]1=CC=CC=C1)[C]1=CC=CC=C1)([Sb+]([C]1=CC=CC=C1)([C]1=CC=CC=C1)[C]1=CC=CC=C1)[Sb+]([C]1=CC=CC=C1)([C]1=CC=CC=C1)[C]1=CC=CC=C1	107	3
ex_0261	CC(C)(C)C1=C(Br)C=[N+]([Co-4]([Cl])([Cl])([N+]2=CC(Br)=C(C(C)(C)C)N2)([N+]2=CC(Br)=C(C(C)(C)C)N2)[N+]2=CC(Br)=C(C(C)(C)C)N2)N1	87	20
ex_0262	C[N+]12CC3=CC=CC=[N+]3[Ni-4]134([N+]1=CC=CC=C1C2)[N+]1=CC=CC=C1C[N+]3(C)CC1=CC=CC=[N+]14	63	3
ex_0263	CC1=CC(C)=CC([N]2C=C(C=O)C=[N+](C3=CC(C)=CC(C)=C3)[Co-2]23[N](C2=CC(C)=CC(C)=C2)C=C(C=O)C=[N+]3C2=CC(C)=CC(C)=C2)=C1	89	2
ex_0264	CC(C)CN1C=[N+]([Ni-4]([N]=C=S)([N]=C=S)([N+]2=CN(CC(C)C)N=C2)([N+]2=CN(CC(C)C)N=C2)[N+]2=CN(CC(C)C)N=C2)C=N1	87	11
ex_0265	CC1(C)C2=CC3=[N+]4C(=NC5=C6C=CC=CC6=NC6=[N+]5[Ni-3]45[N]2C(=NC2=[N+]5C6=NC4=CC=CC=C42)C1(C)C)C(C)(C)C3(C)C	75	5
ex_0266	C1=CC=C(C2=[N+]3C(=CN2)C=[N+]2CCN4CC[N+]5=CC6=CNC(C7=CC=CC=C7)=[N+]6[Mn-4]2536[N+](=CC2=CNC(C3=CC=CC=C3)=[N+]26)CC4)C=C1	83	2
ex_0267	C[As](C)(C)=[O+][Y-3]([O+]=[As](C)(C)C)([O+]=[As](C)(C)C)([O+]=[As](C)(C)C)([O+]=[As](C)(C)C)[O+]=[As](C)(C)C	85	19
ex_0268	C[N+]12CC3=CC=C[N]3[Zr-2]134([N]1C=CC=C1C2)[N]1C=CC=C1C[N+]3(C)CC1=CC=C[N]14	55	7
ex_0269	CN1C=C[N+]([Cu-4]([O]S(=O)(=O)C2=CC=CC=C2)([O]S(=O)(=O)C2=CC=CC=C2)([N+]2=CN(C)C=C2)([N+]2=CN(C)C=C2)[N+]2=CN(C)C=C2)=C1	79	22
ex_0270	[O+]#[C][Ir-4]([Cl])([Cl])([P+](C1=CC=CC=C1)(C1=CC=CC=C1)C1=CC=CC=C1)([P+](C1=CC=CC=C1)(C1=CC=CC=C1)C1=CC=CC=C1)[Te+](Cl)(Cl)Cl	77	1
ex_0271	COC(=O)C1=C(C(=O)OC)[Se][W-]2([Se-])([Se]1)[Se]C(C(=O)OC)=C(C(=O)OC)[Se]2	38	17
ex_0272	S=C=[N][Ni-4]12([N]=C=S)([N]=C=S)[N+]3=CC=CN3C(N3C=CC=[N+]31)N1C=CC=[N+]12	36	3
ex_0273	CC1=CC(C(C2=CC=CC=C2)C2=CC=CC=C2)=C(N2C=CN(C3=C(C(C4=CC=CC=C4)C4=CC=CC=C4)C=C(C)C=C3C(C3=CC=CC=C3)C3=CC=CC=C3)C2=[Se+][Cu-][Cl])C(C(C2=CC=CC=C2)C2=CC=CC=C2)=C1	130	14
ex_0274	CC1=CC(C)=C(C2=CC=CC(C3=C(C)C=C(C)C=C3C)=C2[Se][Zn][Se]C2=C(C3=C(C)C=C(C)C=C3C)C=CC=C2C2=C(C)C=C(C)C=C2C)C(C)=C1	101	16
ex_0275	C1=CC=C([P+]2(C3=CC=CC=C3)CC[P+](C3=CC=CC=C3)(C3=CC=CC=C3)[Pt-2]23[Se][Se][Se][Se]3)C=C1	57	1
ex_0276	CC[P+](CC)(CC)[Pt-2]([Cl])([Se]C1=CC=NC=C1)[P+](CC)(CC)CC	57	12
ex_0277	C1=CC=C([P+](C2=CC=CC=C2)(C2=CC=CC=C2)[Pt-2]2([P+](C3=CC=CC=C3)(C3=CC=CC=C3)C3=CC=CC=C3)[Se]C[Se]2)C=C1	74	2
ex_0278	CC(C)CN1C=[N+]([Ni-4]([N+]2=CN(CC(C)C)N=N2)([N+]2=CN(CC(C)C)N=N2)([N+]2=CN(CC(C)C)N=N2)([N+]2=CN(CC(C)C)N=N2)[N+]2=CN(CC(C)C)N=N2)N=N1	115	10
ex_0279	C1=CC=C2[Se][Ti-2]34([Se]C2=C1)([Se]C1=CC=CC=C1[Se]3)[Se]C1=CC=CC=C1[Se]4	37	16
ex_0280	N#CC1=C(C#N)[Se][Ni-2]2([Se]1)[P+](C1=CC=CC=C1)(C1=CC=CC=C1)CCC[P+]2(C1=CC=CC=C1)C1=CC=CC=C1	64	5
ex_0281	[Cl][Au-3]([As+](C1=CC=CC=C1)(C1=CC=CC=C1)C1=CC=CC=C1)([As+](C1=CC=CC=C1)(C1=CC=CC=C1)C1=CC=CC=C1)[As+](C1=CC=CC=C1)(C1=CC=CC=C1)C1=CC=CC=C1	104	7
ex_0282	[I][Au-3]([As+](C1=CC=CC=C1)(C1=CC=CC=C1)C1=CC=CC=C1)([As+](C1=CC=CC=C1)(C1=CC=CC=C1)C1=CC=CC=C1)[As+](C1=CC=CC=C1)(C1=CC=CC=C1)C1=CC=CC=C1	104	2
ex_0283	CC1=CC=C(CN2C=C3C(C4=CC=CC=C4)=C4C=CC5=[N+]4[Ni-2]46[C]3=C2C(C2=CC=CC=C2)=C2C=CC(=[N+]24)C(C2=CC=CC=C2)=C2C=CC(=C5C3=CC=CC=C3)[N]26)C=C1	93	27
ex_0284	COC1=CC=C([N-]C2=C([N+](=O)[O-])C=C([N+](=O)[O-])C=C2[N+](=O)[O-])C2=C1C=CC=[N+]2[Au-][P+](C1=CC=CC=C1)(C1=CC=CC=C1)C1=CC=CC=C1	73	1
ex_0285	CCN1C(=S)SC2=C1[Se][Ni]1([Se]2)[Se]C2=C([Se]1)N(CC)C(=S)S2	31	8
ex_0286	CC1=CC(C)=[N+](C2=C(C(C)C)C=CC=C2C(C)C)[Zn-]([N]([Si](C)(C)C)[Si](C)(C)C)[N]1C(C)C1=CC=CC=C1	88	7
ex_0287	CC(C)SCC1=CC=C2C=CC3=C4C2=[N+]1[Cu-3]1([N+]4=C(CSC(C)C)C=C3)[N+]2=C(CSC(C)C)C=CC3=CC=C4C=CC(CSC(C)C)=[N+]1C4=C32	97	3
ex_0288	[I][Ag-3]([As+](C1=CC=CC=C1)(C1=CC=CC=C1)C1=CC=CC=C1)([As+](C1=CC=CC=C1)(C1=CC=CC=C1)C1=CC=CC=C1)[As+](C1=CC=CC=C1)(C1=CC=CC=C1)C1=CC=CC=C1	104	2
ex_0289	CC(C)(C)[Si]([O][Ta+]([O][Si](C(C)(C)C)(C(C)(C)C)C(C)(C)C)([O][Si](C(C)(C)C)(C(C)(C)C)C(C)(C)C)[As-]C1=CC=CC=C1)(C(C)(C)C)C(C)(C)C	136	11
ex_0290	CC1C(=O)[O][Pt-2]23([Cl])([NH2+]CC(=O)[N]12)[N+]1=CC=CC=C1C1=CC=CC=[N+]13	40	5
ex_0291	COC1C2=CC(Br)=CC(Br)=C2[O][Zn-3]234[NH2+]CC[N+]12CC[N+]3=CC1=CC(Br)=CC(Br)=C1[O]4	49	5
ex_0292	C[O+]1CC[O+](C)[Mo]1([Cl])([Cl])([N-]C1=C(Br)C=C(Br)C=C1Br)[N-]C1=C(Br)C=C(Br)C=C1Br	43	39
ex_0293	CC(C)(C)C1=CC=C2[O][V-2]3456[O]C7=CC=C(C(C)(C)C)C=C7C[N+]37CC[N+]4(CC[N+]5(CC7)CC3=CC(C(C)(C)C)=CC=C3[O]6)CC2=C1	100	2
ex_0294	[Cl][Pt-2]([Cl])([Te+]1CCOCC1)[Te+]1CCOCC1	31	37
ex_0295	CC(C)C1=CC=CC(C(C)C)=C1[N]1C=C[N](C2=C(C(C)C)C=CC=C2C(C)C)[Ti]12[N](C1=C(C(C)C)C=CC=C1C(C)C)C=C[N]2C1=C(C(C)C)C=CC=C1C(C)C	129	4
ex_0296	CC(C)C1=CC=CC(C(C)C)=C1N=C1[Se][Ti-]23([N]1N(C1=CC=CC=C1)C1=CC=CC=C1)[N]([Si](C)(C)C)CC[N+]2(C)CC[N]3[Si](C)(C)C	102	3
ex_0297	CC[N+]1(CC)CC[N]2C3=CC=CC=C3CCC3=CC=CC=C3[N]3CC[N+](CC)(CC)[Zn-2]231	71	2
ex_0298	CC1=CC(C)=C(N=C2[S][Ru-4]([Cl])([C]#[O+])([As+](C3=CC=CC=C3)(C3=CC=CC=C3)C3=CC=CC=C3)([As+](C3=CC=CC=C3)(C3=CC=CC=C3)C3=CC=CC=C3)[N+]3=CC=CC=C23)C(C)=C1	105	24
ex_0299	CCN1C=C[N+]([Cu-3]([Cl])([N+]2=CN(CC)C=C2)([N+]2=CN(CC)C=C2)[N+]2=CN(CC)C=C2)=C1	62	18
ex_0300	C[As](C)(C)=[O+][Ni-3]([O+]=[As](C)(C)C)([O+]=[As](C)(C)C)([O+]=[As](C)(C)C)[O+]=[As](C)(C)C	71	19
ex_0301	CC1=CC(C(C2=CC=CC=C2)C2=CC=CC=C2)=C(N2C=CN(C3=C(C(C4=CC=CC=C4)C4=CC=CC=C4)C=C(C)C=C3C(C3=CC=CC=C3)C3=CC=CC=C3)C2=[Se+][Cu-][Br])C(C(C2=CC=CC=C2)C2=CC=CC=C2)=C1	130	14
ex_0302	O=C1[Se][Pt-2]([P+](C2=CC=CC=C2)(C2=CC=CC=C2)C2=CC=CC=C2)([P+](C2=CC=CC=C2)(C2=CC=CC=C2)C2=CC=CC=C2)[Se]C1=O	75	11
ex_0303	[Cl][Cu-4]([Cl])([N+]1=CC=C(C2=CC=CC=C2)N1)([N+]1=CC=C(C2=CC=CC=C2)N1)([N+]1=CC=C(C2=CC=CC=C2)N1)[N+]1=CC=C(C2=CC=CC=C2)N1	79	21
ex_0304	CN1CCN(C)C1=[Se+][Cu-3]12([N+]3=CC=CC4=CC=C5C=CC=[N+]1C5=C43)[N+]1=CC=CC3=CC=C4C=CC=[N+]2C4=C31	63	16
ex_0305	C[As]1S[As](C)S[As+](C)([Cr-6]([C]#[O+])([C]#[O+])([C]#[O+])([C]#[O+])[C]#[O+])S[As](C)S1	35	4
ex_0306	[I][Hg-2]([I])([Te+](C1=CC=CC=C1)C1=CC=CC=C1)[Te+](C1=CC=CC=C1)C1=CC=CC=C1	49	38
ex_0307	[I][Au-3]([As+](C1=CC=CC=C1)(C1=CC=CC=C1)C1=CC=CC=C1)([As+](C1=CC=CC=C1)(C1=CC=CC=C1)C1=CC=CC=C1)[As+](C1=CC=CC=C1)(C1=CC=CC=C1)C1=CC=CC=C1	104	2
ex_0308	N#C[Se][Pd-]1([C]#N)[Se][P](C2=CC=CC=C2)(C2=CC=CC=C2)C[P+]1(C1=CC=CC=C1)C1=CC=CC=C1	56	11
ex_0309	O=S(=O)(C1=CC=C(Br)C=C1)[N]([Au-][N](S(=O)(=O)C1=CC=C(Br)C=C1)S(=O)(=O)C1=CC=C(Br)C=C1)S(=O)(=O)C1=CC=C(Br)C=C1	59	8
ex_0310	C[N+]1(C)CC[NH2+][Cd-4]12([Se]C#N)([Se]C#N)[NH2+]CC[N+]2(C)C	43	2
ex_0311	CC(C)P(=[Se+][Cu-2]([Cl])[Se+]=P(C(C)C)(C(C)C)C(C)C)(C(C)C)C(C)C	66	20
ex_0312	CC1=CC(C)=[N+](C2=CC=C(F)C=C2)[Zr-2]2([Cl])([Cl])([N]1C1=CC=C(F)C=C1)[N](C1=CC=C(F)C=C1)C(C)=CC(C)=[N+]2C1=CC=C(F)C=C1	75	6
ex_0313	C[N]1C(C2=CC=CC=C2)=CC2=[N+](CCC2)[Cu-2]12[N](C)C(C1=CC=CC=C1)=CC1=[N+]2CCC1	61	6
ex_0314	CC[P+](CC)(CC)[Pt-2]1([P+](CC)(CC)CC)[Se]C2=C(CCCCC2)[Se]1	64	18
ex_0315	CN1C2=CC=CC=C2N(C)C1=[Se+][Cu-2]([Cl])[Se+]=C1N(C)C2=CC=CC=C2N1C	46	40
ex_0316	C[Se+]1CC[Se+](C)[Ag-3]12[Se+](C)CC[Se+]2C	33	2
ex_0317	CC1=CC(C)=C(N2C=CN3C4=CC=CC=[C]4[Pt-2]4([C+]32)[N]2C=CC=[N+]2[B-]2(C3CCCC2CCC3)[N+]2=CC=C[N]24)C(C)=C1	77	3
ex_0318	CCCC[N+]12CCCC1C[N+]1(CC3=CC=CC=C3)CC3=CC(Cl)=CC(Cl)=C3[O][Zr-2]12[N]([Si](C)(C)C)[Si](C)(C)C	85	4
ex_0319	C1=CC=C([P+]([Au-][Se]C2=CN=CC=N2)(C2=CC=CC=C2)C2=CC=CC=C2)C=C1	45	7
ex_0320	COC1=CC=CC2=C1[O][Mn-3]1345[O]C6=C(C=CC=C6OC)C=[N+]1C1=CC=CC=C1C[N+]31CC[N+]4(CC1)CC1=CC=CC=C1[N+]5=C2	77	4
ex_0321	O=C1C[N+]2=C(C3=CC=CC=C3Cl)C3=CC(Cl)=CC=C3[N]3C(=O)C4CCC[N+]4(CC4=CC=CC=C4)[Ni-2]32[O]1	59	3
ex_0322	FC1=C(F)C(F)=[C]([Au][Se][P](C2=CC=CC=C2)(C2=CC=CC=C2)C2=CC=CC=C2)C(F)=C1F	47	7
ex_0323	[O+]#[C][Ru-4]1([Cl])([As+](C2=CC=CC=C2)(C2=CC=CC=C2)C2=CC=CC=C2)([As+](C2=CC=CC=C2)(C2=CC=CC=C2)C2=CC=CC=C2)[S]C(=NC2=CC=CC=C2Cl)C2=CC=CC=[N+]21	96	50
ex_0324	O=S(=O)(C1=CC=C(Br)C=C1)[N]([Au-][N](S(=O)(=O)C1=CC=C(Br)C=C1)S(=O)(=O)C1=CC=C(Br)C=C1)S(=O)(=O)C1=CC=C(Br)C=C1	59	8
ex_0325	CC1C2=C3C=CC=CC3=CC=[C]2[Pd-2]2([N+]1(C)C)[P+](C1=CC=CC=C1)(C1=CC=CC=C1)CC(C)[As+]2(C1=CC=CC=C1)C1=CC=CC=C1	87	5
ex_0326	CC(C)C1=CC=CC(C(C)C)=C1N1C=CN(C2=C(C(C)C)C=CC=C2C(C)C)C1=[N][Ti-]1([N](C)C)([N](C)C)[N](C(C)C)C(N(C)C)=[N+]1C(C)C	117	7
ex_0327	CC1=CC=C(S(=O)(=O)[N]2CCCC[C+]3->[Pd-3]245<-[C+]=3CC(=O)[N]4C2=CC=CC3=CC=C[N+]5=C32)C=C1	55	3
ex_0328	COC(=O)CC[N+]12CC3=CC=CC=[N+]3[Zn-4]134([N+]1=CC=CC=C1C2)[N+]1=CC=CC=C1C[N+]3(CCC(=O)OC)CC1=CC=CC=[N+]14	81	5
ex_0329	CC(=O)[O][Cu-2]12[Se]C(N(C)C)=N[N+]1=C(C)C1=CC=CC=[N+]12	36	2
ex_0330	[Cl][Cu-3]12([Cl])[N+]3=CC=CC=C3CC[N+]13CCC[N+]2(CCC1=CC=CC=C1)CC3	53	2
ex_0331	C[N](C)[Ta]12([N-]C(C)(C)C)[N](C3=CC=CC=C3)C3=CC=CC=C3C[P+]1(C1=CC=CC=C1)CC1=CC=CC=C1[N]2C1=CC=CC=C1	86	40
ex_0332	CC1=[N+](C2=CC=CC=C2)[Ni-4]234([N+](C5=CC=CC=C5)=C(C)C5=CC=CC(=[N+]52)C(C)=[N+]3C2=CC=CC=C2)[N+](C2=CC=CC=C2)=C(C)C2=[N+]4C1=CC=C2	87	9
ex_0333	COC[C](=[C-][Rh-]([Cl])([P+](C(C)C)(C(C)C)C(C)C)[P+](C(C)C)(C(C)C)C(C)C)[Sn]([C]1=CC=CC=C1)([C]1=CC=CC=C1)[C]1=CC=CC=C1	108	4
ex_0334	O=C(O)[O][Ag-3]([As+](C1=CC=CC=C1)(C1=CC=CC=C1)C1=CC=CC=C1)([As+](C1=CC=CC=C1)(C1=CC=CC=C1)C1=CC=CC=C1)[As+](C1=CC=CC=C1)(C1=CC=CC=C1)C1=CC=CC=C1	108	5
ex_0335	CC1=[N+]2N=C(C3=CC=CC(Cl)=C3)[O][Ni-4]234([O]C(C2=CC=CC(Cl)=C2)=N[N+]3=C(C)C2=CN=CC=[N+]24)[N+]2=CC=NC=C12	59	9
ex_0336	CC1=CC=[C]([Sb+]([C]2=CC=C(C)C=C2)([C]2=CC=C(C)C=C2)[Ag-3]([Sb+]([C]2=CC=C(C)C=C2)([C]2=CC=C(C)C=C2)[C]2=CC=C(C)C=C2)([Sb+]([C]2=CC=C(C)C=C2)([C]2=CC=C(C)C=C2)[C]2=CC=C(C)C=C2)[Sb+]([C]2=CC=C(C)C=C2)([C]2=CC=C(C)C=C2)[C]2=CC=C(C)C=C2)C=C1	173	3
ex_0337	CC(C)C1=CC=CC(C(C)C)=C1N1[C](=[Pt]([Br])([B](Br)Br)[P](C(C)C)(C(C)C)C(C)C)C(C)(C)CC1(C)C	88	15
ex_0338	CC1=CC(C)=NC([Se][Hg][Se]C2=NC(C)=CC(C)=N2)=N1	33	11
ex_0339	C1=CC=C(C2=CC=CC3=[N+]2[Cu-3]2([N+]4=C(C5=CC=CC=C5)C=CC=C34)[N+]3=C(C4=CC=CC=C4)C=CC=C3C3=[N+]2C(C2=CC=CC=C2)=CC=C3)C=C1	81	3
ex_0340	O=S(=O)([O][Fe-4]123([O]S(=O)(=O)C(F)(F)F)[N+]4=C(C[N+]1(CC1=[N+]2C=CS1)CC1=[N+]3C=CS1)SC=C4)C(F)(F)F	48	11
ex_0341	[Cl][Sn]([Cl])([Cl])[Rh-2]123[N]4C5=CC=C4C(C4=CC=CC=C4)=C4C=CC(=[N+]41)C(C1=CC=CC=C1)=C1C=CC(=C(C4=CC=CC=C4)C4=[N+]2C(=C5C2=CC=CC=C2)C=C4)[N]13	81	2
ex_0342	CC[P+](CC)(CC)[Pt-2]([Se]C1=CC=NC=C1)([Se]C1=CC=NC=C1)[P+](CC)(CC)CC	67	14
ex_0343	O=[N][Fe-]([N]=O)([S]C1=CC=C([N+](=O)[O-])C=N1)[S]C1=CC=C([N+](=O)[O-])C=N1	31	18
ex_0344	CC1=CC=C2C=CC=[C]([Sb+]([Au-][Cl])([C]3=CC=CC4=CC=C(C)N=C43)[C]3=CC=CC4=CC=C(C)N=C43)C2=N1	60	14
ex_0345	CC(C)(C)C1=CC(Br)=CC=C1[O][Ti]([O]C1=CC=C(Br)C=C1C(C)(C)C)([O]C1=CC=C(Br)C=C1C(C)(C)C)[O]C1=CC=C(Br)C=C1C(C)(C)C	97	12
ex_0346	NC1=[S+][Ni-4]234([S+]=C(N)N[N+]2=CC2=CC=CC=[N+]23)[N+](=CC2=CC=CC=[N+]24)N1	41	3
ex_0347	CC[P+](CC)(CC)[Pt-2]([Te]C(=O)C1=CC=C(C)C=C1)([Te]C(=O)C1=CC=C(C)C=C1)[P+](CC)(CC)CC	79	12
ex_0348	C[CH](C)[Sb+]([C]1=CC=CC=C1)([CH](C)C)[Co-2]([I])([I])[Sb+]([C]1=CC=CC=C1)([CH](C)C)[CH](C)C	67	22
ex_0349	[I][Cu-3]([As+](C1=CC=CC=C1)(C1=CC=CC=C1)C1=CC=CC=C1)([As+](C1=CC=CC=C1)(C1=CC=CC=C1)C1=CC=CC=C1)[As+](C1=CC=CC=C1)(C1=CC=CC=C1)C1=CC=CC=C1	104	2
ex_0350	CC(C)(C)[P+]1(C(C)(C)C)CC[N]2CC[P+](C(C)(C)C)(C(C)(C)C)[Re-3]2134[As]=[As]N1C=CC(=[N+]13)C1=CC=CC=[N+]14	87	3
ex_0351	C1=CC=C([P+](C2=CC=CC=C2)(C2=CC=CC=C2)[Pt-2]2([P+](C3=CC=CC=C3)(C3=CC=CC=C3)C3=CC=CC=C3)[Se]C3=CC=C4CCC5=C4C3=C(C=C5)[Se]2)C=C1	91	5
ex_0352	CC1=N[N](C(=S)N2CCOCC2)[Ni-2]23[S]C(N4CCOCC4)=N[N+]2=C(C)C2=[N+]3C1=CC=C2	56	7
ex_0353	[Cl][Pd-2]12[O]C3=CC=CC=C3C(C3=CC=CC=C3)=[N+]1CCC[Se+]2C1=CC=CC=C1	47	15
ex_0354	C1=CC=C(P2(C3=CC=CC=C3)=NP(C3=CC=CC=C3)(C3=CC=CC=C3)=[Se+][Au-2]([P+](C3=CC=CC=C3)(C3=CC=CC=C3)C3=CC=CC=C3)[Se]2)C=C1	84	9
ex_0355	NC1=CC=C(S(=O)(=O)[N]([Au-][As+](C2=CC=CC=C2)(C2=CC=CC=C2)C2=CC=CC=C2)C2=NC=CC=N2)C=C1	61	7
ex_0356	C[S+]1CC[P+](C2=CC=CC=C2)(C2=CC=CC=C2)[Pt-2]12[Se+](C1=CC=CC=C1)CC[P+]2(C1=CC=CC=C1)C1=CC=CC=C1	76	4
ex_0357	CC1=[N+](C2=CC=CC=C2)[Cr-4]2([OH])([OH])([N+](C3=CC=CC=C3)=C(C)C1)[N+](C1=CC=CC=C1)=C(C)CC(C)=[N+]2C1=CC=CC=C1	79	6
ex_0358	C[C](=O)[Pt-2]1([Cl])[P+](C2=CC=CC=C2)(C2=CC=CC=C2)CC[As+]1(C1=CC=CC=C1)C1=CC=CC=C1	60	2
ex_0359	C=CCN1C=C[N+]([Co-4]([N+]2=CN(CC=C)C=C2)([N+]2=CN(CC=C)C=C2)([N+]2=CN(CC=C)C=C2)([N+]2=CN(CC=C)C=C2)[N+]2=CN(CC=C)C=C2)=C1	97	2
ex_0360	N#C[S][Ag-3]([Sb+]([C]1=CC=CC=C1)([C]1=CC=CC=C1)[C]1=CC=CC=C1)([Sb+]([C]1=CC=CC=C1)([C]1=CC=CC=C1)[C]1=CC=CC=C1)[Sb+]([C]1=CC=CC=C1)([C]1=CC=CC=C1)[C]1=CC=CC=C1	106	8
ex_0361	C1=CC=C([Te][Pt-2]2([Te]C3=CC=CC=C3)[P+](C3=CC=CC=C3)(C3=CC=CC=C3)CC[P+]2(C2=CC=CC=C2)C2=CC=CC=C2)C=C1	77	7
ex_0362	C1=CC=C([Se][Mn-2]([Se]C2=CC=CC=C2)([Se]C2=CC=CC=C2)[Se]C2=CC=CC=C2)C=C1	49	11
ex_0363	COC1=CC2=[C](C=C1OC)[Pd-2]1([N+](C3CCCCC3)=C2)[P+](C2=CC=CC=C2)(C2=CC=CC=C2)CC[As+]1(C1=CC=CC=C1)C1=CC=CC=C1	91	3
ex_0364	CC1=CC(C)=C[N+]([Zn-2]([Te][Si](C)(C)C)([Te][Si](C)(C)C)[N+]2=CC(C)=CC(C)=C2)=C1	63	20
ex_0365	CC1=CC=C(C2=N[N](C3=CC=CC=C3)[Ni-]3([N+]4=CC=CC=C4)[N](C4=CC=CC=C4)N=C(C4=CC=C(C)C=C4)C4=CC=C2[N]43)C=C1	75	18
ex_0366	CN(C)C(N)=[Se+][Pd-2]([Se+]=C(N)N(C)C)([Se+]=C(N)N(C)C)[Se+]=C(N)N(C)C	57	19
ex_0367	[Cl][Pd-2]1([Cl])[Se+](C2=CC=CC=C2)CC[N+]12CCCCC2	37	1
ex_0368	CC1=CC(C)=C(N2C=CN(C3=C(C)C=C(C)C=C3C)C2=[Se+][Cu-][Se+]=C2N(C3=C(C)C=C(C)C=C3C)C=CN2C2=C(C)C=C(C)C=C2C)C(C)=C1	97	17
ex_0369	BrC1=C(Br)C(Br)=C2[O][Cr-]34([O]C2=C1Br)([O]C1=C(Br)C(Br)=C(Br)C(Br)=C1[O]3)[O]C1=C(Br)C(Br)=C(Br)C(Br)=C1[O]4	37	9
ex_0370	CN1C2=CC=CC=C2NC1=[Se+][Cd-2]([I])([I])[Se+]=C1NC2=CC=CC=C2N1C	41	18
ex_0371	CCC1=C(C#N)C(C#N)=C(CC)C2=C1[Se][Pt-2]([P+](C1=CC=CC=C1)(C1=CC=CC=C1)C1=CC=CC=C1)([P+](C1=CC=CC=C1)(C1=CC=CC=C1)C1=CC=CC=C1)[Se]2	95	7
ex_0372	CC(C)(C)[P+]([Cu-][Se][Si](C1=CC=CC=C1)(C1=CC=CC=C1)C1=CC=CC=C1)(C(C)(C)C)C(C)(C)C	76	7
ex_0373	[OH2+][Zn-3]12([N+]3=CC=CC=C3C3=CC=CC=[N+]31)[N+]1=CC=CC=C1C1=CC=CC=[N+]12	44	8
ex_0374	CC(C)P1(C(C)C)=N[P+](C(C)C)(C(C)C)[Au-2]([P+](C2=CC=CC=C2)(C2=CC=CC=C2)C2=CC=CC=C2)[Te]1	79	1
ex_0375	CC(C)[N](C(C)C)[Cr+2]([N-2])([Te]C1=CC=CC=C1)[N](C(C)C)C(C)C	56	13
ex_0376	BrC1=CC(Br)=C2[O][Cu-2]34[O]C5=C(Br)C=C(Br)C=C5C=[N+]3CCC[N+]4=CC2=C1	38	3
ex_0377	CC1=CC=C(C2=N[N](C3=C(C)C=C(C)C=C3C)[Zn-2]3([N](C4=C(F)C(F)=C(F)C(F)=C4F)N=C(C4=CC=C(C)C=C4)[N+]3=NC3=C(C)C=C(C)C=C3C)[N+](C3=C(F)C(F)=C(F)C(F)=C3F)=N2)C=C1	101	9
ex_0378	C[Se+]1CC[P+](C2=CC=CC=C2)(C2=CC=CC=C2)[Pt-2]12[Se+](C1=CC=CC=C1)CC[P+]2(C1=CC=CC=C1)C1=CC=CC=C1	76	4
ex_0379	BrC1=C(Br)C(Br)=C2[O][Cr-]34([O]C2=C1Br)([O]C1=C(Br)C(Br)=C(Br)C(Br)=C1[O]3)[O]C1=C(Br)C(Br)=C(Br)C(Br)=C1[O]4	37	9
ex_0380	C1=CC=C([Se][Pd-2]2([Se]C3=CC=CC=C3)[P+](C3=CC=CC=C3)(C3=CC=CC=C3)CC[P+]2(C2=CC=CC=C2)C2=CC=CC=C2)C=C1	77	7
ex_0381	NC1=[S+][Ni-4]234([S+]=C(N)N[N+]2=CC2=CC=CC=[N+]23)[N+](=CC2=CC=CC=[N+]24)N1	41	3
ex_0382	CC(C)C1=CC=CC(C(C)C)=C1N1C=CN(C2=C(C(C)C)C=CC=C2C(C)C)C1=[Se+][Cu-][Se+]=C1N(C2=C(C(C)C)C=CC=C2C(C)C)C=CN1C1=C(C(C)C)C=CC=C1C(C)C	133	17
ex_0383	CN1CCNC1=[Se+][Hg-2]([Cl])([Se+]=C1NCCN1C)[Se+]=C1NCCN1C	47	14
ex_0384	FC1=C(F)C(F)=C([Se][Zn-2]([Se]C2=C(F)C(F)=C(F)C(F)=C2F)([N+]2=CC=CC=C2)[N+]2=CC=CC=C2)C(F)=C1F	47	12
ex_0385	BrC1=C(Br)C(Br)=C2[O][Mn-2]3([N+]4=CC=CC=C4)([O]C2=C1Br)[O]C1=C(Br)C(Br)=C(Br)C(Br)=C1[O]3	36	14
ex_0386	CC1=CC(C)=C(N2C=CN(C3=C(C)C=C(C)C=C3C)C2=[Se+][Cu-][Se+]=C2N(C3=C(C)C=C(C)C=C3C)C=CN2C2=C(C)C=C(C)C=C2C)C(C)=C1	97	17
ex_0387	CC1=CC(C)=NC([Se][Au-][P+](C2=CC=CC=C2)(C2=CC=CC=C2)C2=CC=CC=C2)=N1	51	7
ex_0388	CC(C)(C)C1=CC(C2=C3C=CC4=[N+]3[Cu-2]35[N]6C(=CC=C6C(C6=CC(C(C)(C)C)=CC(C(C)(C)C)=C6)=C6C=CC(=[N+]63)C(=O)C3=CC=C2[N]35)C4=O)=CC(C(C)(C)C)=C1	105	19
ex_0389	CC1=CC=C([N+]2=CC3=NC=CC(C)=[N+]3[Cu-3]23[N+]2=C4C(=CC=C2C2=C5C=CC=CC5=CC5=CC=CC=C52)C=CC2=CC=C(C5=C6C=CC=CC6=CC6=CC=CC=C65)[N+]3=C24)C=C1	96	3
ex_0390	CC1=CC(C)=C[N+]([Co-2]([Se][Si](C)(C)C)([Se][Si](C)(C)C)[N+]2=CC(C)=CC(C)=C2)=C1	63	20
ex_0391	CN1C=CN(C)C1=[Se+][Cu-2]([Cl])[Se+]=C1N(C)C=CN1C	34	38
ex_0392	CC(C)N1C=CN(C)C1=[Se+][Zn-2]([Br])([Br])[Se+]=C1N(C)C=CN1C(C)C	47	17
ex_0393	COC(=O)CN1C=CN(C2=C(C)C=C(C)C=C2C)C1=[Se+][Zn][Se+]=C1N(CC(=O)OC)C=CN1C1=C(C)C=C(C)C=C1C	77	15
ex_0394	CC1=CC(C)=C(N2C=CN(C3=C(C)C=C(C)C=C3C)C2=[Se+][Cu-][Se+]=C2N(C3=C(C)C=C(C)C=C3C)C=CN2C2=C(C)C=C(C)C=C2C)C(C)=C1	97	17
ex_0395	COC1=CC=CC(C)=C1C1=C(C)C=CC=C1[N+]1=CC2=CC=C[N]2[V-2]12([N](C)C)([N](C)C)[N]1C=CC=C1C=[N+]2C1=CC=CC(C)=C1C1=C(C)C=CC=C1OC	103	20
ex_0396	C[As+](C)(C1=CC=CC=C1)[Ru-3]([Cl])([Cl])([Cl])([As+](C)(C)C1=CC=CC=C1)[As+](C)(C)C1=CC=CC=C1	64	11
ex_0397	CC(C)C1=CC=CC(C(C)C)=C1N1C=CN(C2=C(C(C)C)C=CC=C2C(C)C)C1=[Se+][Cu-][Se+]=C1N(C2=C(C(C)C)C=CC=C2C(C)C)C=CN1C1=C(C(C)C)C=CC=C1C(C)C	133	17
ex_0398	CC(C)C1=CC=CC(C(C)C)=C1N1C=CN(C2=C(C(C)C)C=CC=C2C(C)C)C1=[Se+][Ag-][Se+]=C1N(C2=C(C(C)C)C=CC=C2C(C)C)C=CN1C1=C(C(C)C)C=CC=C1C(C)C	133	17
ex_0399	[OH2+][Ni-4]12([OH2+])([N+]3=CC=CN3C3=[N+]1CCS3)[N+]1=CC=CN1C1=[N+]2CCS1	41	10
ex_0400	CCN1CCNC1=[Se+][Pt-2]([Se+]=C1NCCN1CC)([Se+]=C1NCCN1CC)[Se+]=C1NCCN1CC	73	11
ex_0401	CN(C)C(N)=[Se+][Pd-2]([Se+]=C(N)N(C)C)([Se+]=C(N)N(C)C)[Se+]=C(N)N(C)C	57	19
ex_0402	CC(C)C1=CC=CC(C(C)C)=C1N1C=CN(C2=C(C(C)C)C=CC=C2C(C)C)C1=[Se+][Ag-][Se+]=C1N(C2=C(C(C)C)C=CC=C2C(C)C)C=CN1C1=C(C(C)C)C=CC=C1C(C)C	133	17
ex_0403	CC1=[N+](NC2=C(F)C(F)=C(F)C(F)=C2F)[Co-4]2([N]=[N+]=[N-])([N]=[N+]=[N-])([N+]3=CC=CC=C13)[N+]1=CC=CC=C1C(C)=[N+]2NC1=C(F)C(F)=C(F)C(F)=C1F	65	17
ex_0404	CC(C)C1=CC=CC(C(C)C)=C1[N]1C(C(C)(C)C)=CC(C(C)(C)C)=[N+](C2=C(C(C)C)C=CC=C2C(C)C)[Sc-]1([Te]C[Si](C)(C)C)[Te]C[Si](C)(C)C	125	12
ex_0405	C[Si](C)(C)N(B(Br)[C+]12->[Mo-12]3456789%10%11(<-[C+]%12(B(Br)N([Si](C)(C)C)[Si](C)(C)C)[C+]3[C+]4[C+]5[C+]6[C+]%127)[C+]([C+]8[C+]19)[C+]%10[C+]2%11)[Si](C)(C)C	81	1
ex_0406	C1=CC=C([Te][Hg-]([Te]C2=CC=CC=C2)[Te]C2=CC=CC=C2)C=C1	37	13
ex_0407	C1=CC=C([Se][Zn-2]([Se]C2=CC=CC=C2)([Se]C2=CC=CC=C2)[Se]C2=CC=CC=C2)C=C1	49	11
ex_0408	CN1C=CN(C)C1=[Se+][Cu-2]([Br])[Se+]=C1N(C)C=CN1C	34	38
ex_0409	CC1=CC(C)=CC([N](CC(C)(C)C)[Nb+]([Se-])([N](CC(C)(C)C)C2=CC(C)=CC(C)=C2)[N](CC(C)(C)C)C2=CC(C)=CC(C)=C2)=C1	104	7
ex_0410	CN1C2=CC=CC=C2[N+](CCO)=C1[Se][Cu-2]([Cl])[Se]C1=[N+](CCO)C2=CC=CC=C2N1C	54	42
ex_0411	CN(C)[B](Br)[Pt]1([B](Br)N(C)C)[P](C2CCCCC2)(C2CCCCC2)CC[P]1(C1CCCCC1)C1CCCCC1	99	14
ex_0412	CO[P+](C1=CC=CC=C1)(C1=CC=CC=C1)[Pt-2]1([P+](OC)(C2=CC=CC=C2)C2=CC=CC=C2)[N]=S=N[Se]1	61	3
ex_0413	C[N+](C)(C)C1=CC=C([S][Hg-2]2([S]C3=CC=C([N+](C)(C)C)C=C3)[O]C(=O)C[N+]2(C)CC(=O)[O-])C=C1	66	2
ex_0414	CCN1C(C)=C(C)[N+](CC)=C1C1=[N+](C2=CC=C(C(C)C)C=C2)[Zn-2]([N]([Si](C)(C)C)[Si](C)(C)C)([N]([Si](C)(C)C)[Si](C)(C)C)[N]1C1=CC=C(C(C)C)C=C1	125	6
ex_0415	N#[C][Ag-3]([Sb+]([C]1=CC=CC=C1)([C]1=CC=CC=C1)[C]1=CC=CC=C1)([Sb+]([C]1=CC=CC=C1)([C]1=CC=CC=C1)[C]1=CC=CC=C1)[Sb+]([C]1=CC=CC=C1)([C]1=CC=CC=C1)[C]1=CC=CC=C1	105	6
ex_0416	CC1=CC=C(C(=O)[Se][Hg-]([Se]C(=O)C2=CC=C(C)C=C2)[Se]C(=O)C2=CC=C(C)C=C2)C=C1	52	20
ex_0417	O=C1[O][Ru-4]23([N+]4=CC=CC=C14)([N+]1=CC=CC=C1C1=CC=CC=[N+]12)[P+](C1=CC=CC=C1)(C1=CC=CC=C1)CC[P+]3(C1=CC=CC=C1)C1=CC=CC=C1	86	4
ex_0418	CN1C2=CC=CC=C2NC1=[Se+][Zn-2]([Cl])([Cl])[Se+]=C1NC2=CC=CC=C2N1C	41	18
ex_0419	CC1=CC=C(NC2=CC=C([N+]3=NC4=CC=CC=[N+]4[Rh-3]345([Cl])[N](C3=CC=C(C)C=C3)C3=CC=CC=C3[N+]4=NC3=CC=CC=[N+]35)C=C2)C=C1	77	14
ex_0420	CC1=[O+][Co-3]23([O+]=C(C)C(C(=O)C4=CC=CC=C4)=[N+]2[O-])([O+]=C(C)C(C(=O)C2=CC=CC=C2)=[N+]3[O-])[N+]([O-])=C1C(=O)C1=CC=CC=C1	67	24
ex_0421	CC1C2=C3C=CC=CC3=CC=[C]2[Pt-2]2([N+]1(C)C)[S+](C)(=O)CC[As+]2(C1=CC=CC=C1)C1=CC=CC=C1	67	3
ex_0422	CC1=[N+]2C(=CN1)C=[N+](CCC1=CC=CC=N1)[Fe-4]213([N+](CCC2=CC=CC=N2)=CC2=CNC(C)=[N+]21)[N+](CCC1=CC=CC=N1)=CC1=CNC(C)=[N+]13	91	5
ex_0423	C[Si](C)(C)[Si]([Te][V]([Te][Si]([Si](C)(C)C)([Si](C)(C)C)[Si](C)(C)C)([Te][Si]([Si](C)(C)C)([Si](C)(C)C)[Si](C)(C)C)[Te][Si]([Si](C)(C)C)([Si](C)(C)C)[Si](C)(C)C)([Si](C)(C)C)[Si](C)(C)C	165	1
ex_0424	CN1C2=CC=CC=C2NC1=[Se+][Hg-2]([Cl])([Cl])[Se+]=C1NC2=CC=CC=C2N1C	41	18
ex_0425	C1=CC=C([P+](C2=CC=CC=C2)(C2=CC=CC=C2)[Ag-3]([Se]C2=CC=NC=C2)([P+](C2=CC=CC=C2)(C2=CC=CC=C2)C2=CC=CC=C2)[P+](C2=CC=CC=C2)(C2=CC=CC=C2)C2=CC=CC=C2)C=C1	114	3
ex_0426	[O-][Re]([Se]C1=CC=CC=C1)([Se]C1=CC=CC=C1)([Se]C1=CC=CC=C1)[Se]C1=CC=CC=C1	50	22
ex_0427	CN1C2=CC=CC=C2NC1=[Se+][Zn-2]([Br])([Br])[Se+]=C1NC2=CC=CC=C2N1C	41	18
ex_0428	C[N+]1=N[N]2C3=CC=CC=C3[S+]3CCC[S+]4C5=CC=CC=C5[N]5N=[N+](C)[O][Mn-4]2534[O]1	48	1
ex_0429	S=[As]1([S-])[S][Mn-4]23([S]1)([N+]1=CC=CC4=CC=C5C=CC=[N+]2C5=C41)[N+]1=CC=CC2=CC=C4C=CC=[N+]3C4=C21	50	3
ex_0430	CC(C)C1=CC=CC(C(C)C)=C1N1C=CN(C2=C(C(C)C)C=CC=C2C(C)C)C1=[Se+][Cu-][Se+]=C1N(C2=C(C(C)C)C=CC=C2C(C)C)C=CN1C1=C(C(C)C)C=CC=C1C(C)C	133	17
ex_0431	[O-][Tc]([Se]C1=CC=CC=C1)([Se]C1=CC=CC=C1)([Se]C1=CC=CC=C1)[Se]C1=CC=CC=C1	50	22
ex_0432	C[Si](C)(C)C1=CC=CN=C1[S][Mo-]([Br])([Br])([Br])([Br])[S]C1=NC=CC=C1[Si](C)(C)C	51	24
ex_0433	CC(C)C1=CC=CC(C(C)C)=C1N1C=CN(C2=C(C(C)C)C=CC=C2C(C)C)C1=[Se+][Ag-][Se+]=C1N(C2=C(C(C)C)C=CC=C2C(C)C)C=CN1C1=C(C(C)C)C=CC=C1C(C)C	133	17
ex_0434	CC1=CC(C)=[N+](CC2=CC=CC=C2)[Zn-2]2([N]1CC1=CC=CC=C1)[N](CC1=CC=CC=C1)C(C)=CC(C)=[N+]2CC1=CC=CC=C1	85	2
ex_0435	CC1=C(C)[S][W-]2([Se]C3=CC=CC=C3)([Se]C3=CC=CC=C3)([S]1)[S]C(C)=C(C)[S]2	49	24
ex_0436	CN1C2=CC=CC=C2NC1=[Se+][Cd-2]([Cl])([Cl])[Se+]=C1NC2=CC=CC=C2N1C	41	18
ex_0437	CC(C)N1CCNC1=[Se+][Pt-2]([Se+]=C1NCCN1C(C)C)([Se+]=C1NCCN1C(C)C)[Se+]=C1NCCN1C(C)C	85	18
ex_0438	COC1=CC=C([Te+](CCO)[Pd-2]([Cl])([Cl])[Te+](CCO)C2=CC=C(OC)C=C2)C=C1	51	31
ex_0439	C[Si](C)(C)[N]([Si](C)(C)C)[Mn-2]1([N]([Si](C)(C)C)[Si](C)(C)C)[N+]2=CC=CC=C2C2=CC=CC=[N+]21	75	1
ex_0440	CN1C2=CC=CC=C2NC1=[Se+][Cd-2]([Br])([Br])[Se+]=C1NC2=CC=CC=C2N1C	41	18
ex_0441	C[Si](C)(C)[Si]([Te][Hf]([Te][Si]([Si](C)(C)C)([Si](C)(C)C)[Si](C)(C)C)([Te][Si]([Si](C)(C)C)([Si](C)(C)C)[Si](C)(C)C)[Te][Si]([Si](C)(C)C)([Si](C)(C)C)[Si](C)(C)C)([Si](C)(C)C)[Si](C)(C)C	165	3
ex_0442	C1=CC=C([Se][Pd-2]2([Se]C3=CC=CC=C3)[P+](C3=CC=CC=C3)(C3=CC=CC=C3)CC[P+]2(C2=CC=CC=C2)C2=CC=CC=C2)C=C1	77	7
ex_0443	CCC1CC[N+]2=CC3=CC(Br)=CC(Br)=C3[O][Cu-2]23[O]C2=C(Br)C=C(Br)C=C2C=[N+]13	44	4
ex_0444	CC(C)N1CCNC1=[Se+][Hg-2]([Cl])([Cl])[Se+]=C1NCCN1C(C)C	45	20
ex_0445	CN1C=CN(C)C1=[Se+][Cd-2]([Se+]=C1N(C)C=CN1C)([Se+]=C1N(C)C=CN1C)[Se+]=C1N(C)C=CN1C	65	11
ex_0446	CC1=CC(C)=C(C2=CC=CC(C3=C(C)C=C(C)C=C3C)=C2[Se][Mn][Se]C2=C(C3=C(C)C=C(C)C=C3C)C=CC=C2C2=C(C)C=C(C)C=C2C)C(C)=C1	101	16
ex_0447	CC1=CC=C(S(=O)(=O)[N]2C3=CC=C4C=CC=CC4=C3N=[N+](C3=CC=CC=C3)[Ni-2]23[N](S(=O)(=O)C2=CC=C(C)C=C2)C2=C(N=[N+]3C3=CC=CC=C3)C3=CC=CC=C3C=C2)C=C1	95	5
ex_0448	CC[P+](CC)(CC)[Pt-4]1([P+](CC)(CC)CC)[Sb+]([C](=O)C(C)(C)C)=[Sb+]1[C](=O)C(C)(C)C	77	1
ex_0449	C[P+](C)(C1=CC=CC=C1)[Pt-2]1([P+](C)(C)C2=CC=CC=C2)[Se]C2=CC=C3CCC4=C3C2=C(C=C4)[Se]1	63	4
ex_0450	C[As](C)C1=CC=CC=C1[As+]1(C)C2=CC=CC=C2[As+](C)(C)[Ni-3]123[As+](C)(C)C1=CC=CC=C1[As+]2(C)C1=CC=CC=C1[As+]3(C)C	87	3
ex_0451	CN1C=CN(C)C1=[Se+][Hg-2]([Se+]=C1N(C)C=CN1C)([Se+]=C1N(C)C=CN1C)[Se+]=C1N(C)C=CN1C	65	11
ex_0452	CC1=CC=CC(C)=C1[Se][Re-2]([Se]C1=C(C)C=CC=C1C)([Se]C1=C(C)C=CC=C1C)([P+](C)(C)C1=CC=CC=C1)[P+](C)(C)C1=CC=CC=C1	95	23
ex_0453	CC1=CC(C)=C([N+]2=CC3=CC=CC=[N+]3[Pt-2]23[N](S(C)(=O)=O)C2=CC=CC=C2[N]3S(C)(=O)=O)C(C)=C1	60	6
ex_0454	C1=CC=C([P]2(C3=CC=CC=C3)C[P+](C3=CC=CC=C3)(C3=CC=CC=C3)[Ni]3([Se]2)[Se][P](C2=CC=CC=C2)(C2=CC=CC=C2)C[P+]3(C2=CC=CC=C2)C2=CC=CC=C2)C=C1	101	3
ex_0455	COC1=CC=C(CC2=C(CC3=CC=C(OC)C(OC)=C3O)N(C)C3=NC4=[N+](C(=O)N(C)C4=O)[Zn-2]4([N]32)[N]2C(=NC3=[N+]4C(=O)N(C)C3=O)N(C)C(CC3=CC=C(OC)C(OC)=C3O)=C2CC2=CC=C(OC)C=C2)C=C1	125	6
ex_0456	C=C1C(=O)[O][Ni-2]23[N](C(=O)C4CCC[N+]42CC2=CC=C(Cl)C(Cl)=C2)C2=CC=C(Cl)C=C2C(C2=CC=CC=C2)=[N+]13	60	3
ex_0457	CC1=CC(C)=C([N]2C(C)=CC(C)=[N+](C3=C(C)C=C(C)C=C3C)[Cu-]2[N]=C(C2=CC=CC=C2)C2=CC=CC=C2)C(C)=C1	79	5
ex_0458	C1=CN(C2CCCCC2)C(=[Se+][Ag-2]([Se+]=C2N(C3CCCCC3)C=CN2C2CCCCC2)[Se+]=C2N(C3CCCCC3)C=CN2C2CCCCC2)N1C1CCCCC1	127	20
ex_0459	CC1=[N+](O)[Co-4]234([O]C(CC5=CC=CC=C5)=N[N+]2=C1C)[O]C(CC1=CC=CC=C1)=N[N+]3=C(C)C(C)=[N+]4O	63	3
ex_0460	C[Si](C)(C)[Si]([Te][Cd-2]1([Te][Si]([Si](C)(C)C)([Si](C)(C)C)[Si](C)(C)C)[P+](C)(C)CC[P+]1(C)C)([Si](C)(C)C)[Si](C)(C)C	107	1
ex_0461	COC1=CC([N+](=O)[O-])=CC2=C1[O][Mn-3]1345[O]C6=C(OC)C=C([N+](=O)[O-])C=C6C=[N+]1CCC[NH+]3CC[NH+]4CCC[N+]5=C2	69	5
ex_0462	C1=CC=C(P2(C3=CC=CC=C3)=NP(C3=CC=CC=C3)(C3=CC=CC=C3)=[Se][Pd]3([Se]2)[Se]=P(C2=CC=CC=C2)(C2=CC=CC=C2)N=[P]3(C2=CC=CC=C2)C2=CC=CC=C2)C=C1	98	2
ex_0463	CN1CCN(C)C1=[S+][Cu-3]12([N+]3=CC=CC4=CC=C5C=CC=[N+]1C5=C43)[N+]1=CC=CC3=CC=C4C=CC=[N+]2C4=C31	63	16
ex_0464	[Br][Ag-3]([As+](C1=CC=CC=C1)(C1=CC=CC=C1)C1=CC=CC=C1)([As+](C1=CC=CC=C1)(C1=CC=CC=C1)C1=CC=CC=C1)[As+](C1=CC=CC=C1)(C1=CC=CC=C1)C1=CC=CC=C1	104	6
ex_0465	CC1=CC(C)=C([Se][Pd-2]2([Se]C3=C(C)C=C(C)C=C3C)[P+](C3=CC=CC=C3)(C3=CC=CC=C3)CC[P+]2(C2=CC=CC=C2)C2=CC=CC=C2)C(C)=C1	95	4
ex_0466	O=C1[O][Ni-2]23[N](C(=O)C4CCC[N+]42CC2=CC=CC=C2)C2=CC=CC=C2C(C2=CC=CC=C2)=[N+]3C1CO	63	3
ex_0467	C[OH+][Zn-2]([Br])([Br])[N+]1=CC=CC=C1CN(P(=[Se])(C1=CC=CC=C1)C1=CC=CC=C1)P(=[Se])(C1=CC=CC=C1)C1=CC=CC=C1	71	1
ex_0468	CCO[P](OCC)(C1=CC=CC=C1)[OsH]([P](OCC)(OCC)C1=CC=CC=C1)([P](OCC)(OCC)C1=CC=CC=C1)([P](OCC)(OCC)C1=CC=CC=C1)[Sn]([OH])([O]C=O)[O]C=O	125	3
ex_0469	COC(=O)C1CC12C(=O)[O][Ni-2]13[N](C(=O)C4CCC[N+]41CC1=CC=CC=C1)C1=CC=CC=C1C(C1=CC=CC=C1)=[N+]23	69	2
ex_0470	CC1=CC(C)=CC([N](C(C)(C)C)[Mo]([N]=C(SC2=C(F)C(F)=C(F)C(F)=C2F)C2=CC=CC=C2)([N](C2=CC(C)=CC(C)=C2)C(C)(C)C)[N](C2=CC(C)=CC(C)=C2)C(C)(C)C)=C1	119	2
ex_0471	N#CC1=C(C#N)[S][Mo-2]2([O-])([Se]C3=CC=CC=C3)([S]1)[N+]1=CC=CC=C1C1=CC=CC=[N+]12	42	67
ex_0472	S=C=[N][Cu-2]12[O]C3=CC=C(Cl)C=C3C=[N+]1CCC1=[N+]2C2=CC=CC=C2N1	38	3
ex_0473	CN1C2=CC=CC=C2NC1=[Se+][Hg-2]([Se+]=C1NC2=CC=CC=C2N1C)([Se+]=C1NC2=CC=CC=C2N1C)[Se+]=C1NC2=CC=CC=C2N1C	77	17
ex_0474	CC(=O)C1=[Se+][Pt-4]([P+](C2=CC=CC=C2)(C2=CC=CC=C2)C2=CC=CC=C2)([P+](C2=CC=CC=C2)(C2=CC=CC=C2)C2=CC=CC=C2)[O+]=C1C1=CC=CC=C1	90	6
ex_0475	CC1=[N+](C2=CC=CC=C2)[Ni-3]2([Se]C3=CC=CC=C3)([Se]C3=CC=CC=C3)[N+](C3=CC=CC=C3)=C(C)C3=[N+]2C1=CC=C3	68	24
ex_0476	C1=CC=C([Se+]2CC3=[N+](C4=CC=CC=C4N3)[Ag-3]23[N+]2=C(C[Se+]3C3=CC=CC=C3)NC3=CC=CC=C32)C=C1	59	5
ex_0477	O=C([O][Ag-3]([As+](C1=CC=CC=C1)(C1=CC=CC=C1)C1=CC=CC=C1)([As+](C1=CC=CC=C1)(C1=CC=CC=C1)C1=CC=CC=C1)[As+](C1=CC=CC=C1)(C1=CC=CC=C1)C1=CC=CC=C1)C1=CC=CC=C1O	118	4
ex_0478	CC1=CC=C2C(=C1)[Se+](C1=CC=CC=C1)[Pd-2]1([P+](C3=CC=CC=C3)(C3=CC=CC=C3)C3=CC=CC=C3)[C]3=CC(C)=CC=C3N=[N+]21	75	2
ex_0479	O=C1[O][V-2]23([O-])([O]C4=CC=C(Cl)C=C4C=[N+]2C1CC1=CC=CC=C1)[N+]1=CC=CC2=CC=C4C=CC=[N+]3C4=C21	57	9
ex_0480	CCN1C(=[Se+][Cu-2]([Br])[Se+]=C2N(CC)C(C)=C(C)N2CC)N(CC)C(C)=C1C	58	41
ex_0481	O=C1CC[N+]2=CC3=CC=CC=C3[O][V-2]23([O-])([O]1)[N+]1=CC=CC=C1C1=CC=CC=[N+]13	45	8
ex_0482	CC(C)CC1(C)C(=O)[O][Ni-2]23[N](C(=O)C4CCC[N+]42CC2=CC=CC=C2)C2=CC=CC=C2C(C2=CC=CC=C2)=[N+]13	74	3
ex_0483	CC1=CC=C([N]2C3=CC=CC(C)=[N+]3[Zr-2]23([N](C)C)([N](C)C)[N](C2=CC=C(C)C=C2C)C2=CC=CC(C)=[N+]23)C(C)=C1	81	9
ex_0484	BrC1=CC=CC=C1C=[N+]1CC[N+](=CC2=CC=CC=C2Br)[Ag-3]12[N+](=CC1=CC=CC=C1Br)CC[N+]2=CC1=CC=CC=C1Br	69	4
ex_0485	C[N](C)[Hf-]1([N](C)C)([N](C)C)[N](C2=CC=CC=C2CP(C2=CC=CC=C2)C2=CC=CC=C2)C2=CC=CC=C2C[P+]1(C1=CC=CC=C1)C1=CC=CC=C1	101	13
ex_0486	[O-][N+]1=C(C2=CC=CC=C2)N=[N+](C2=CC=CC=C2)[Pd-2]12[N+](C1=CC=CC=C1)=NC(C1=CC=CC=C1)=[N+]2[O-]	55	4
ex_0487	BrC1=CC=CC=C1C[P+](CC1=CC=CC=C1Br)(CC1=CC=CC=C1Br)[Au-][P+](CC1=CC=CC=C1Br)(CC1=CC=CC=C1Br)CC1=CC=CC=C1Br	87	6
ex_0488	[Cl][Ag-3]([P+](CC[As](C1=CC=CC=C1)C1=CC=CC=C1)(C1=CC=CC=C1)C1=CC=CC=C1)([P+](CC[As](C1=CC=CC=C1)C1=CC=CC=C1)(C1=CC=CC=C1)C1=CC=CC=C1)[P+](CC[As](C1=CC=CC=C1)C1=CC=CC=C1)(C1=CC=CC=C1)C1=CC=CC=C1	158	1
ex_0489	CN1CC2=CC=CC=[C]2[Sb+]([CH3])([CH3])[Cu-3]2([Sb+]([CH3])([CH3])[C]3=CC=CC=C3C1)[Sb+]([CH3])([CH3])[C]1=CC=CC=C1CN(C)CC1=CC=CC=[C]1[Sb+]2([CH3])[CH3]	99	2
ex_0490	CN(C)C1=CC=[N+](B(N=[N][W-4]23([Br])([P+](C4=CC=CC=C4)(C4=CC=CC=C4)CC[P+]2(C2=CC=CC=C2)C2=CC=CC=C2)[P+](C2=CC=CC=C2)(C2=CC=CC=C2)CC[P+]3(C2=CC=CC=C2)C2=CC=CC=C2)[B-](Br)(Br)Br)C=C1	132	1
ex_0491	[CH3][Pt-2]1([CH3])([Se]C2=CC=CC=C2)([Se]C2=CC=CC=C2)[N+]2=CC=CC3=CC=C4C=CC=[N+]1C4=C32	55	16
ex_0492	CC(C)N1C=CN(CC2=C3C=CC=CC3=CC3=CC=CC=C32)C1=[Se+][Cu-2]([I])[Se+]=C1N(CC2=C3C=CC=CC3=CC3=CC=CC=C32)C=CN1C(C)C	90	36
ex_0493	CC1=CC(C)=C([Te][Pt-2]2([Te]C3=C(C)C=C(C)C=C3C)[P+](C3=CC=CC=C3)(C3=CC=CC=C3)CCC[P+]2(C2=CC=CC=C2)C2=CC=CC=C2)C(C)=C1	98	14
ex_0494	C[Si](C)(C)[N]([V]([Te][Si](C1=CC=CC=C1)(C1=CC=CC=C1)C1=CC=CC=C1)[N]([Si](C)(C)C)[Si](C)(C)C)[Si](C)(C)C	90	1
ex_0495	CCSC1=C(SCC)SC(=C2SC3=C(S2)[Se][Ni-]2([Se]3)[Se]C3=C(SC(=C4SC(SCC)=C(SCC)S4)S3)[Se]2)S1	57	23
ex_0496	CC1=CC(C)=C([Te][Zn-2]2([Te]C3=C(C)C=C(C)C=C3C)[N+](C)(C)CC[N+]2(C)C)C(C)=C1	67	8
ex_0497	O=[N+]([O-])C1=CC=C([N+]2=NC3=C(C=CC4=CC=CC=C43)[O][Ru-3]234([O]C2=CC=C5C=CC=CC5=C2N=[N+]3C2=CC=C([N+](=O)[O-])C=C2)[O]C2=CC=C3C=CC=CC3=C2N=[N+]4C2=CC=C([N+](=O)[O-])C=C2)C=C1	97	14
ex_0498	CC(C)CC1C(=O)[O][Re-]23([O-])([Cl])[O]C4=CC=C([N+](=O)[O-])C=C4C[N+]12CC1=CC=CC=[N+]13	51	3
ex_0499	BrB(Br)N=[N][W-4]12([Br])([P+](C3=CC=CC=C3)(C3=CC=CC=C3)CC[P+]1(C1=CC=CC=C1)C1=CC=CC=C1)[P+](C1=CC=CC=C1)(C1=CC=CC=C1)CC[P+]2(C1=CC=CC=C1)C1=CC=CC=C1	111	1
ex_0500	[Cl][Au-][As+]1(C2=CC=CC=C2)C2=CC=CC=C2OCCOCCOCCOCCOCCOC2=CC=CC=C21	70	2
ex_0501	CCOC(=O)C(Br)CC1C(=O)[O][Ni-2]23[N](C(=O)C4CCC[N+]42CC2=CC=CC=C2)C2=CC=CC=C2C(C2=CC=CC=C2)=[N+]13	74	3
ex_0502	C[As+](C)(CC1=CC=CC=C1)[Pt-2]([I])([I])[As+](C)(C)CC1=CC=CC=C1	49	15
ex_0503	CC(C)C1=CC=CC(C(C)C)=C1[N]([Si](C)(C)C)[Fe-]1([N](C2=C(C(C)C)C=CC=C2C(C)C)[Si](C)(C)C)[Se][Se]1	89	2
ex_0504	CC(=O)NC1=CC=CC=C1[Se][Mo-]([O-])([Se]C1=CC=CC=C1NC(C)=O)([Se]C1=CC=CC=C1NC(C)=O)[Se]C1=CC=CC=C1NC(C)=O	78	26
ex_0505	BrC1=CC=C(N=NC2=CC=C3N=[N+](C4=CC=C(Br)C=C4)[Zn-2]4([N]23)[N]2C(N=NC3=CC=C(Br)C=C3)=CC=C2N=[N+]4C2=CC=C(Br)C=C2)C=C1	67	3
ex_0506	C[As+](C)(CC1=CC=CC=C1)[Pd-2]([I])([I])[As+](C)(C)CC1=CC=CC=C1	49	15
ex_0507	CN1C2=CC=CC=C2NC1=[Se+][Hg-2]([I])([I])[Se+]=C1NC2=CC=CC=C2N1C	41	18
ex_0508	COC(=O)CN1C=CN(C2=C(C)C=C(C)C=C2C)C1=[Se+][Cd-2]([Cl])([Se+]=C1N(CC(=O)OC)C=CN1C1=C(C)C=C(C)C=C1C)[Se+]=C1N(CC(=O)OC)C=CN1C1=C(C)C=C(C)C=C1C	116	20
ex_0509	CC1=CC(C)=C([Se][Zn-2]([Se]C2=C(C)C=C(C)C=C2C)([N+]2=CC=CC=C2)[N+]2=CC=CC=C2)C(C)=C1	65	12
ex_0510	CC1=CC=C(S(=O)(=O)N=C2SC3=CC(Cl)=CC=C3[N]2[Cu]2([N]3C4=CC=C(Cl)C=C4SC3=NS(=O)(=O)C3=CC=C(C)C=C3)[N]3C=CC=CC3=C3C=CC=C[N]32)C=C1	83	3
ex_0511	CC(C)[NH2+]CC[N+]1=CC2=CC(Br)=CC(Br)=C2[O][Cu-2]12[O]C1=C(Br)C=C(Br)C=C1C=[N+]2CC[NH2+]C(C)C	67	14
ex_0512	C[As+](C)(CC1=CC=CC=C1)[Pd-2]([Br])([Br])[As+](C)(C)CC1=CC=CC=C1	49	11
ex_0513	CN1C=[N+]([Cd-2]([I])([I])[Se+]=C2NC3=CC=CC=C3N2C)C2=CC=CC=C21	40	18
ex_0514	COC(=O)CN1C=CN(C2=C(C(C)C)C=CC=C2C(C)C)C1=[Se+][Zn-2]([Se+]=C1N(CC(=O)OC)C=CN1C1=C(C(C)C)C=CC=C1C(C)C)([Se+]=C1N(CC(=O)OC)C=CN1C1=C(C(C)C)C=CC=C1C(C)C)[Se+]=C1N(CC(=O)OC)C=CN1C1=C(C(C)C)C=CC=C1C(C)C	189	6
ex_0515	[O+]#[C][Ru-6]12([C]#[O+])([Br+][Te+]1(Br)C1=CC=CC=C1)[Br+][Te+]2(Br)C1=CC=CC=C1	33	2
ex_0516	CC1=CC(C)=C([Te][Zn-2]([Te]C2=C(C)C=C(C)C=C2C)([N+]2=CC=CC=C2)[N+]2=CC=CC=C2)C(C)=C1	65	12
ex_0517	CN1C2=CC=CC=C2NC1=[Se+][Zn-2]([I])([I])[Se+]=C1NC2=CC=CC=C2N1C	41	18
ex_0518	FC1=C(F)C(F)=C([Se][Cd-2]([Se]C2=C(F)C(F)=C(F)C(F)=C2F)([N+]2=CC=CC=C2)[N+]2=CC=CC=C2)C(F)=C1F	47	12
ex_0519	C1=CC=C([Se][Ni-2]([Se]C2=CC=CC=C2)([Se]C2=CC=CC=C2)[Se]C2=CC=CC=C2)C=C1	49	11
ex_0520	C1=CC=C([Se][Co-2]([Se]C2=CC=CC=C2)([Se]C2=CC=CC=C2)[Se]C2=CC=CC=C2)C=C1	49	11
ex_0521	BrC1=CC=CC=C1[I+][Ag-3]([I+]C1=CC=CC=C1Br)([I+]C1=CC=CC=C1Br)[I+]C1=CC=CC=C1Br	49	19
ex_0522	CC1=CC=CC2=[N+]1[Cu-3]1([N+]3=C(C)C=CC=C3C3=CC=CC(COC4=CC=C(N(C5=CC=CC=C5)C5=CC=CC=C5)C=C4)=[N+]31)[N+]1=C(COC3=CC=C(N(C4=CC=CC=C4)C4=CC=CC=C4)C=C3)C=CC=C21	119	7
ex_0523	CN1C2=CC=CC=C2NC1=[Se+][Hg-2]([Cl])([Se+]=C1NC2=CC=CC=C2N1C)[Se+]=C1NC2=CC=CC=C2N1C	59	19
ex_0524	NC1=N[N+](=CC2=CC=C([N+](=O)[O-])C=C2)[Pd-2]2([S]1)[S]C(N)=N[N+]2=CC1=CC=C([N+](=O)[O-])C=C1	45	1
ex_0525	CC1=C[C]([Os]([C]2=CC(C)=C(Br)C=C2C)([C]2=CC(C)=C(Br)C=C2C)[C]2=CC(C)=C(Br)C=C2C)=C(C)C=C1Br	69	12
ex_0526	[O+]#[C][Rh-4]([I])([Sb+]([C]1=CC=CC=C1)([C]1=CC=CC=C1)[C]1=CC=CC=C1)([Sb+]([C]1=CC=CC=C1)([C]1=CC=CC=C1)[C]1=CC=CC=C1)[Sb+]([C]1=CC=CC=C1)([C]1=CC=CC=C1)[C]1=CC=CC=C1	106	10
ex_0527	[CH3][Sb+]1([CH3])[CH2]C2=CC=CC=C2[CH2][Sb+]([CH3])([CH3])[Pd-2]12[Sb+]([CH3])([CH3])[CH2]C1=CC=CC=C1[CH2][Sb+]2([CH3])[CH3]	69	2
ex_0528	[CH3][Sb]1[N](C(C)(C)C)[Mo-4]([C]#[O+])([C]#[O+])([C]#[O+])([C]#[O+])[N]1C(C)(C)C	42	2
ex_0529	C[P+]1(C)C2=CC=CC=C2[P+](C)(C)[Zr-4]12([Br])([Br])([Br])([Br])[P+](C)(C)C1=CC=CC=C1[P+]2(C)C	61	2
ex_0530	BrC1=CC=CC(Br)=C1[N+]1=CC2=CC=CC=C2[O][Pt-2]12[O]C1=CC=CC=C1C=[N+]2C1=C(Br)C=CC=C1Br	51	4
ex_0531	[O-][Re]([Te]C1=CC=CC=C1)([Te]C1=CC=CC=C1)([Te]C1=CC=CC=C1)[Te]C1=CC=CC=C1	50	22
ex_0532	CC1=CC(C)=C([Te][Re]([O-])([Te]C2=C(C)C=C(C)C=C2C)([Te]C2=C(C)C=C(C)C=C2C)[Te]C2=C(C)C=C(C)C=C2C)C(C)=C1	86	22
ex_0533	OC1=CC=C(Br)C=C1C=[N+]1NC2=CC=CC(Br)=[N+]2[Cu-3]12[N+](=CC1=CC(Br)=CC=C1O)NC1=CC=CC(Br)=[N+]12	55	6
ex_0534	CC1=CC(C)=C([N+]2=C(C)C3=CC=CC4=[N+]3[Fe-3]2([CH2][Si](C)(C)C)([CH2][Si](C)(C)C)[N+](C2=C(C)C=C(C)C=C2C)=C4C)C(C)=C1	94	3
ex_0535	CC(C)(C)[P+]([Te][W-6]([C]#[O+])([C]#[O+])([C]#[O+])([C]#[O+])[C]#[O+])(C(C)(C)C)C(C)(C)C	52	5
ex_0536	O=S1(=O)[CH](C2=CC=CC=C2)[Pt-2]([As+](C2=CC=CC=C2)(C2=CC=CC=C2)C2=CC=CC=C2)([As+](C2=CC=CC=C2)(C2=CC=CC=C2)C2=CC=CC=C2)[CH]1C1=CC=CC=C1	98	3
ex_0537	CN(C)[C+](=S)->[Pd-3]1([P+](C2=CC=CC=C2)(C2=CC=CC=C2)C2=CC=CC=C2)[N]2C=CC=[N+]2[BH-](N2C=CC=N2)[N+]2=CC=C[N]21	72	2
ex_0538	CCN1C(=S)SC2=C1[Se][Ni-]1([Se]2)[Se]C2=C([Se]1)N(CC)C(=S)S2	31	8
ex_0539	CS(=O)(=O)[N]1C2=CC=C([N+](=O)[O-])C=C2[O+](C2=CC=CC=C2)[Ag-3]1([As+](C1=CC=CC=C1)(C1=CC=CC=C1)C1=CC=CC=C1)[As+](C1=CC=CC=C1)(C1=CC=CC=C1)C1=CC=CC=C1	101	3
ex_0540	N#CN=C1[Se][Pt-2]2([Se]1)[P+](C1=CC=CC=C1)(C1=CC=CC=C1)CC[P+]2(C1=CC=CC=C1)C1=CC=CC=C1	59	2
ex_0541	C[P+](C)(C1=CC=CC=C1)[Pt-2]1([P+](C)(C)C2=CC=CC=C2)[Se]C(=[Se])[Se]1	45	1
ex_0542	C[N+]1(C)CC2=CC=CC=C2[Se+]2CC3=CC=CC4=[N+]3[Ag-4]213[Se+](C4)C1=CC=CC=C1C[N+]3(C)C	62	3
ex_0543	C[Se+]1CC[Se+](C)[Ni-4]12([Cl])([Cl])[Se+](C)CC[Se+]2C	35	1
ex_0544	[Cl][Rh-3]123([Cl])[Se+]4CCC[Se+]1CCC[Se+]2CCC[Se+]3CCC4	43	4
ex_0545	[O+]#[C][Ru-4]12([Cl])([As+](C3=CC=CC=C3)(C3=CC=CC=C3)C3=CC=CC=C3)[S]C(NC3=CC=CC=C3)=N[N+]1=CC1=CC=CC=C1[P+]2(C1=CC=CC=C1)C1=CC=CC=C1	90	2
ex_0546	CC(C1=CC=CC=C1)[N+]12CC3=CC=CC=[N+]3[Cu-4]13([O][N+](=O)[O-])([O][N+](=O)[O]3)[N+]1=CC=CC=C1C2	53	5
ex_0547	COC(=O)C1=C(C(=O)OC)[Se][W-2]23([Se]1)([Se]C(C(=O)OC)=C(C(=O)OC)[Se]2)[Se]C(C(=O)OC)=C(C(=O)OC)[Se]3	55	15
ex_0548	C1=CC=C2C[Te+]([Cu-3]([Te+]3CC4=CC=CC=C4C3)([Te+]3CC4=CC=CC=C4C3)[Te+]3CC4=CC=CC=C4C3)CC2=C1	69	11
ex_0549	C1=CC=C2C[Te+]([Ag-3]([Te+]3CC4=CC=CC=C4C3)([Te+]3CC4=CC=CC=C4C3)[Te+]3CC4=CC=CC=C4C3)CC2=C1	69	11
ex_0550	[O+]#[C][Mo-6]([C]#[O+])([C]#[O+])([C]#[O+])([Te+]1CC2=CC=CC=C2C1)[Te+]1CC2=CC=CC=C2C1	43	40
ex_0551	C[Si](C)(C)[CH2][Sb]1[Sb]([C]2=CC=CC=C2)[Sb+]([C]2=CC=CC=C2)([C]2=CC=CC=C2)[Cr-6]([C]#[O+])([C]#[O+])([C]#[O+])([C]#[O+])[Sb+]1([C]1=CC=CC=C1)[C]1=CC=CC=C1	84	1
ex_0552	CC(C)[P+]1(C(C)C)C[As+](C(C)(C)C)(C(C)(C)C)[Pd-2]1([Cl])[Cl]	54	3
ex_0553	C[N+]1(C)CC2=CC=CC3=[N+]2[Pd-2]1([C](=O)C1=CC=CC2=CC=CC=C21)[N+](C)(C)C3	53	3
ex_0554	CC1=CC(C)=C([As](C2=C(C)C=C(C)C=C2C)[N](C2=CC=CC=C2)[Zr]([N](C)C)([N](C)C)[N](C2=CC=CC=C2)[As](C2=C(C)C=C(C)C=C2C)C2=C(C)C=C(C)C=C2C)C(C)=C1	125	10
ex_0555	CC1=CC(C)=C([As](C2=C(C)C=C(C)C=C2C)[N](C2=CC=CC=C2)[Hf]([N](C)C)([N](C)C)[N](C2=CC=CC=C2)[As](C2=C(C)C=C(C)C=C2C)C2=C(C)C=C(C)C=C2C)C(C)=C1	125	12
ex_0556	C[Si]1(C)CC[As+](C)(C)[Mo-6]([C]#[O+])([C]#[O+])([C]#[O+])([C]#[O+])[P+]1(C)C	42	1
ex_0557	C[N+]1=CC=C(C#CC2=CC=[N+]([Ru-4]34([Cl])([As+](C)(C)C5=CC=CC=C5[As+]3(C)C)[As+](C)(C)C3=CC=CC=C3[As+]4(C)C)C=C2)C=C1	84	2
ex_0558	CC1C[NH2+][V-3]23([NH2+]CC(C)[NH2+]2)([NH2+]1)[Se][Sb]([Se-])[Se]3	35	2
ex_0559	C[P+]1(C2=CC=CC=C2)C2=CC=CC=C2[P+](C)(C2=CC=CC=C2)[Pt-2]12[As+](C)(C1=CC=CC=C1)CC[As+]2(C)C1=CC=CC=C1	81	3
ex_0560	C[S+]1C[B-](C2=CC=CC=C2)(C2=CC=CC=C2)C[S+](C)[Ni-4]12([Br])([Br])[S+](C)C[B-](C1=CC=CC=C1)(C1=CC=CC=C1)C[S+]2C	81	1
ex_0561	CC1=CC=C2C(=C1)[Se+](C1=CC=CC=C1)[Pd-2]1([Cl])[C]3=CC(C)=CC=C3N=[N+]21	42	2
ex_0562	CCN(CC)C1=[Se+][Ni-2]2([Se]1)[Se]C(N(CC)CC)=[Se+]2	37	2
ex_0563	C1=CC=[C]([Sb+]([C]2=CC=CC=C2)([C]2=CC=CC=C2)[Cu-3]([Sb+]([C]2=CC=CC=C2)([C]2=CC=CC=C2)[C]2=CC=CC=C2)([Sb+]([C]2=CC=CC=C2)([C]2=CC=CC=C2)[C]2=CC=CC=C2)[Sb+]([C]2=CC=CC=C2)([C]2=CC=CC=C2)[C]2=CC=CC=C2)C=C1	137	5
ex_0564	CC[P+](CC)(CC)[Pt-2]1([P+](CC)(CC)CC)[P]2C3(C(C)(C)C)[P]4C(C(C)(C)C)=P[C]5(C(C)(C)C)P3[C]2(C(C)(C)C)[Sb]1[Sb]45	107	2
ex_0565	[O+]#[C][W-6]([C]#[O+])([C]#[O+])([C]#[O+])([C]#[O+])[Sb+]([Cl])([C]1=CC=CC=C1)[C]1=CC=CC=C1	35	2
ex_0566	[O+]#[C][W-6]([C]#[O+])([C]#[O+])([C]#[O+])([C]#[O+])[Sb+]([Br])([C]1=CC=CC=C1)[C]1=CC=CC=C1	35	1
ex_0567	[O+]#[C][W-6]([C]#[O+])([C]#[O+])([C]#[O+])([C]#[O+])[Sb+]([I])([C]1=CC=CC=C1)[C]1=CC=CC=C1	35	1
ex_0568	CC#[N+][Cu-3]12[N]3C(C(F)(F)F)=C(Br)C(C(F)(F)F)=[N+]3[BH-]([N+]3=C(C(F)(F)F)C(Br)=C(C(F)(F)F)[N]31)[N+]1=C(C(F)(F)F)C(Br)=C(C(F)(F)F)[N]12	51	6
ex_0569	CC(=O)C1=CC=C(C2=N[N]([Re-5]3([C]#[O+])([C]#[O+])([C]#[O+])[N+]4=CC=CC5=CC=C6C=CC=[N+]3C6=C54)N=N2)C=C1	50	33
ex_0570	[CH3][Hg][Se]C1=C(C(C)C)C=C(C(C)C)C=C1C(C)C	44	13
ex_0571	CCC[CH2][Sn]([CH2]CCC)([CH2]CCC)[RhH2-]1([Si](CC)(CC)CC)[N](C2=C(C)C=CC=C2C)C(C)=CC(C)=[N+]1C1=C(C)C=CC=C1C	113	2
ex_0572	[CH3][Pd-2]1([CH3])([Se]C2=CC=CC=C2)([Se]C2=CC=CC=C2)[N+]2=CC=CC3=CC=C4C=CC=[N+]1C4=C32	55	16
ex_0573	[NH3+][Cu-2]([NH3+])([O]C1=C(Br)C=C(Cl)C=C1Br)[O]C1=C(Br)C=C(Cl)C=C1Br	33	17
ex_0574	C[Si](C)(C)[Si]([Te][Mo]([Te][Si]([Si](C)(C)C)([Si](C)(C)C)[Si](C)(C)C)([Te][Si]([Si](C)(C)C)([Si](C)(C)C)[Si](C)(C)C)[Te][Si]([Si](C)(C)C)([Si](C)(C)C)[Si](C)(C)C)([Si](C)(C)C)[Si](C)(C)C	165	1
ex_0575	[Cl][Sb]12[S]CC[S+]1[Cu-4]([P+](C1=CC=CC=C1)(C1=CC=CC=C1)C1=CC=CC=C1)([P+](C1=CC=CC=C1)(C1=CC=CC=C1)C1=CC=CC=C1)[Cl+]2	80	1
ex_0576	CC1=CC=[N+]2C(=C1)C1=CC(C)=CC=[N+]1[Ni-4]213([Se]C2=CC=CC=[N+]21)[Se]C1=CC=CC=[N+]13	49	13
ex_0577	BrC1=CC=CC2=[N+]1[Ag-3]1([N+]3=C(Br)C=CC=C3C3=CC=CC(Br)=[N+]31)[N+]1=C(Br)C=CC=C21	41	3
ex_0578	[CH3][Sb+]1([CH3])[C]2=CC=CC=C2CN2CC3=CC=CC=[C]3[Sb+]([CH3])([CH3])[Mn-5]1([C]#[O+])([C]#[O+])([C]#[O+])[Sb+]([CH3])([CH3])[C]1=CC=CC=C1C2	74	2
ex_0579	C[C](C)(C)[Sb+]([Cl])([C](C)(C)C)[W-6]([C]#[O+])([C]#[O+])([C]#[O+])([C]#[O+])[C]#[O+]	39	1
ex_0580	CC1=C[C]([Ru]([C]2=CC(C)=C(Br)C=C2C)([C]2=CC(C)=C(Br)C=C2C)[C]2=CC(C)=C(Br)C=C2C)=C(C)C=C1Br	69	12
ex_0581	C[As+]1(C)C2=CC=CC=C2[As+](C)(C)[Re-5]1([C]#[O+])([C]#[O+])([C]#[O+])[O]C(C(F)(F)F)C(F)(F)F	46	1
ex_0582	C1=CC=[N+]2C(=C1)P1C3=CC=CC=[N+]3[Zn-4]234([N+]2=CC=CC=C21)[N+]1=CC=CC=C1P(C1=CC=CC=[N+]13)C1=CC=CC=[N+]14	63	9
ex_0583	[CH3][Sb+]([C]1=CC=CC=C1)([C]1=CC=CC=C1)[Ni-3]([I])([I])([Sb+]([CH3])([C]1=CC=CC=C1)[C]1=CC=CC=C1)[Sb+]([CH3])([C]1=CC=CC=C1)[C]1=CC=CC=C1	84	6
ex_0584	[S]=[Sb]1[S][Cr-4]234([NH2+]CC[NH+]2CC[NH+]3CC[NH2+]4)[S]1	33	5
ex_0585	C[CH2][In]([CH2]C)[IrH-3]([CH2]C)([P+](C)(C)C)([P+](C)(C)C)[P+](C)(C)C	63	2
ex_0586	CC#[N+][Cu-3]12[N]3C(C)=CC(C)=[N+]3[BH-]([N+]3=C(C)C=C(C)[N]31)[N+]1=C(C)C=C(C)[N]12	51	5
ex_0587	CC1=[N+]([O])[Rh-5]2([CH2]C(F)(F)F)([N+]3=CC=CC=C3)([N+]([O])=C(C)C(C)=[N+]2O)[N+](O)=C1C	49	16
ex_0588	[S-][Sb]1[S][Cr-3]23([NH2+]CCC[NH2+]2)([NH2+]CCC[NH2+]3)[S]1	35	1
ex_0589	FC1=C(F)C(F)=[C]([Pt-2]2([C]3=C(F)C(F)=C(F)C(F)=C3F)[As+](C3=CC=CC=C3)(C3=CC=CC=C3)C[As+]2(C2=CC=CC=C2)C2=CC=CC=C2)C(F)=C1F	72	2
ex_0590	BrC1=C(Br)C(Br)=C2[O][Pt-2]3([O]C2=C1Br)[C]1=CC=CC2=CC=C4C=CC=[N+]3C4=C21	35	5
ex_0591	[O+]#[C][Mo-6]([C]#[O+])([C]#[O+])([C]#[O+])([As+](S[As](C1=CC=CC=C1)C1=CC=CC=C1)(C1=CC=CC=C1)C1=CC=CC=C1)[As+](S[As](C1=CC=CC=C1)C1=CC=CC=C1)(C1=CC=CC=C1)C1=CC=CC=C1	103	1
ex_0592	CN1CCC2(C(=O)[O][Ni-2]34[N](C(=O)C5CCC[N+]53CC3=CC=CC=C3)C3=CC=CC=C3C(C3=CC=CC=C3)=[N+]24)C12C(=O)NC1=CC=CC=C12	83	3
ex_0593	C[Se+]1CC2=[N+](C3=CC=CC=C3N2)[Cu-3]12([Cl])[N+]1=C(C[Se+]2C)NC2=CC=CC=C21	46	1
ex_0594	CC(=O)[N]([Te](C1=C(C)C=C(C)C=C1C)C1=C(C)C=C(C)C=C1C)[Pt]([Cl])([Cl])[N](C(C)=O)[Te](C1=C(C)C=C(C)C=C1C)C1=C(C)C=C(C)C=C1C	99	2
ex_0595	[O-][Tc]([Te]C1=CC=CC=C1)([Te]C1=CC=CC=C1)([Te]C1=CC=CC=C1)[Te]C1=CC=CC=C1	50	22
ex_0596	[Se]=P(C1=CC=CC=C1)(C1=CC=CC=C1)C1=CC=CC=C1[P+]([Au-][I])(C1=CC=CC=C1)C1=CC=CC=C1	59	5
