id	smiles	source
ex_0001	C1=CC2=CC=CC3=C2[N+](=C1)[Pd-2]1([Se]3)[Se]C2=C3C(=CC=C2)C=CC=[N+]31	examples/manta_constructions
ex_0003	[I][Cu-3]12[N+]3=CC=CC=C3[As](C3=CC=CC=[N+]31)C1=CC=CC=[N+]12	examples/manta_constructions
ex_0004	C1C[N+]2=C(N1)C1=[N+](CCN1)[Co-3]213([N+]2=C(NCC2)C2=[N+]1CCN2)[N+]1=C(NCC1)C1=[N+]3CCN1	examples/manta_constructions
ex_0006	C[As+]1(C)C2=C(C(F)(F)C2(F)F)[As+](C)(C)[Re-2]1([Cl])([Cl])([Cl])[Cl]	examples/manta_constructions
ex_0007	[Cl][Ni-4]12([Cl])([N+]3=CC=CC=C3C3=[N+]1C=CN3)[N+]1=CC=CC=C1C1=[N+]2C=CN1	examples/manta_constructions
ex_0008	CC1=CC(C)=[N+]([Mo-3]([Br])([Br])([Br])([Br])[N+]2=C(C)C=C(C)N2)N1	examples/manta_constructions
ex_0009	CC1=CC(C)=[C]([Sb+]([Au-][Cl])([C]2=C(C)C=C(C)C=C2C)[C]2=C(C)C=C(C)C=C2C)C(C)=C1	examples/manta_constructions
ex_0010	CC1=CC=CC2=C1[N]1C(=CC3=[N+](C4=C(C)C=CC=C4O3)[Fe-2]13[N]1C(=CC4=[N+]3C3=C(C)C=CC=C3O4)OC3=CC=CC(C)=C31)O2	examples/manta_constructions
ex_0012	BrC1=CC(Br)=C2C=CC=[N+]3C2=C1[O][Zn-4]312([O]C3=C4C(=C(Br)C=C3Br)C=CC=[N+]41)[N+]1=CC=CC3=CC=C4C=CC=[N+]2C4=C31	examples/manta_constructions
ex_0013	CC1=CC(C)=[N+]2[BH-]3[N+]4=C(C)C=C(C)[N]4[Mo-2]([OH])([OH])([N]=O)([N]12)[N]1C(C)=CC(C)=[N+]31	examples/manta_constructions
ex_0014	NC1=NC2=C3C(=N1)N=CC1=[N+]3[Cu-4]34([O]C1=O)([O]2)[N+]1=CC=CC=C1C[NH+]3CC1=CC=CC=[N+]14	examples/manta_constructions
ex_0017	C1=CC=[N+]2C(=C1)C[NH+]1CC3=CNC=[N+]3[Ni-4]2134[N+]1=CC=CC=C1C[NH+]3CC1=CNC=[N+]14	examples/manta_constructions
ex_0018	CN1C=C[N+]2=C1C=[N+]1C3CC4CC(C3)[N+]3=CC5=[N+](C=CN5C)[Fe-4]1325[N+]4=CC1=[N+]5C=CN1C	examples/manta_constructions
ex_0022	CC#[N+][Cu-3]12[N+]3=C(C)C=CC=C3[As](=O)(C3=CC=CC(C)=[N+]31)C1=CC=CC(C)=[N+]12	examples/manta_constructions
ex_0025	C1=CC=C2C(=C1)C1=NC3=[N+](C=CS3)[Mn-3]345([N]1C2=NC1=[N+]3C=CS1)[N]1C(=NC2=[N+]4C=CS2)C2=CC=CC=C2C1=NC1=[N+]5C=CS1	examples/manta_constructions
ex_0026	O=[N][Ir-]1([P+](C2=CC=CC=C2)(C2=CC=CC=C2)C2=CC=CC=C2)[O]C2=C(Br)C(Br)=C(Br)C(Br)=C2[O]1	examples/manta_constructions
ex_0027	CC1=CC(C)=[N+]2C3=CC(Br)=C(Br)C=C3[N]3C(C)=CC(C)=[N+]4C5=CC(Br)=C(Br)C=C5[N]1[Ni-2]342	examples/manta_constructions
ex_0028	ClC1=CC(I)=C2[O][Ni-4]34([O]C5=C6C(=C(Cl)C=C5I)C=CC=[N+]63)([O]C3=C5C(=C(Cl)C=C3I)C=CC=[N+]54)[N+]3=C2C1=CC=C3	examples/manta_constructions
ex_0030	O=[N+]([O-])C1=CC2=NC3=C(N=C2C=C1[N+](=O)[O-])[O][Cu-2]1([O]C2=NC4=CC([N+](=O)[O-])=C([N+](=O)[O-])C=C4N=C2[O]1)[O]3	examples/manta_constructions
ex_0031	C[N+]1(C)CCC[Se+](C2=CC=CC=C2)[Pd-2]1([Cl])[Cl]	examples/manta_constructions
ex_0032	CC1=[N+]([O])[Co-5]2([Cl])([N+]3=CC=C(C(=O)O)C=C3)([N+]([O])=C(C)C(C)=[N+]2O)[N+](O)=C1C	examples/manta_constructions
ex_0033	C1=C[N]2[N+](=C1)[BH-]1[N+]3=CC=C[N]3[Co-4]234([N]2C=CC=[N+]12)[N]1C=CC=[N+]1[BH-]([N+]1=CC=C[N]13)[N+]1=CC=C[N]14	examples/manta_constructions
ex_0034	CC1=CC=C([As+]([Au-][Cl])(C2=CC=C(C)C=C2)C2=CC=C(C)C=C2)C=C1	examples/manta_constructions
ex_0037	[Cl][Au-][Sb+]([C]1=CC=CC=C1)([C]1=CC=CC=C1)[C]1=CC=CC=C1	examples/manta_constructions
ex_0038	BrC1=CC=C([NH2+][Zn-2]([Br])([Br])[NH2+]C2=CC=C(Br)C=C2)C=C1	examples/manta_constructions
ex_0040	CC1=CC(C)=[N+]2[BH-]3[N+]4=C(C)C=C(C)[N]4[Mo-3]([Cl])([N]=O)([N+]4=CC=C(C(C)(C)C)C=C4)([N]12)[N]1C(C)=CC(C)=[N+]31	examples/manta_constructions
ex_0041	C[As+]1(C)C2=CC=CC=C2[As+](C)(C)[Ru-2]1([Cl])([Cl])([Cl])[N]=O	examples/manta_constructions
ex_0043	S=C=[N][Zn-3]12([N+]3=CC=CC4=CC=C5C=CC(Cl)=[N+]1C5=C43)[N+]1=CC=CC3=CC=C4C=CC(Cl)=[N+]2C4=C31	examples/manta_constructions
ex_0044	NN1C=N[N+]2=C1N[NH2+][Zn-4]213([NH2+]NC2=[N+]1N=CN2N)[NH2+]NC1=[N+]3N=CN1N	examples/manta_constructions
ex_0046	[O][N+]1=C2C(=O)NC(=O)NC2=[O+][Co-6]123([O+]=C1NC(=O)NC(=O)C1=[N+]2[O])[O+]=C1NC(=O)NC(=O)C1=[N+]3[O]	examples/manta_constructions
ex_0048	COC1=CC=CC(OC)=[C]1[Sb+]([C]1=C(OC)C=CC=C1OC)([C]1=C(OC)C=CC=C1OC)[Hg-]([I])[I]	examples/manta_constructions
ex_0050	C1=CC=C([B-]23O[N+]4=CC=[N+]5O[B-]6(C7=CC=CC=C7)O[N+]7=CC=[N+](O2)[Ni-4]4572[N+](=CC=[N+]2O6)O3)C=C1	examples/manta_constructions
ex_0053	CC#[N+][Ag-2]1[N+]2=CC(C)=CC=C2C2=CC=C(C)C=[N+]21	examples/manta_constructions
ex_0054	NC1=[N+](O)[Ni-4]234([N+](O)=C(N)C5=CC=CC(=[N+]52)C(N)=[N+]3O)[N+](O)=C(N)C2=[N+]4C1=CC=C2	examples/manta_constructions
ex_0056	C1=CC=[N+]2C(=C1)C1=CC=CC3=[N+]1[Pt-2]21[N+]2=CC=CC=C2C2=[N+]1C3=CC=C2	examples/manta_constructions
ex_0061	[Cl][Au-]1([Cl])[Se+]=P(C2=CC=CC=C2)(C2=CC=CC=C2)C2=CC=CC=[C]21	examples/manta_constructions
ex_0062	C1=C[N+]([Ni-4]([N+]2=CNC=C2)([N+]2=CNC=C2)([N+]2=CNC=C2)([N+]2=CNC=C2)[N+]2=CNC=C2)=CN1	examples/manta_constructions
ex_0065	C[OH+][Co-3]123[O]C4=C(Br)C=C(Br)C=C4C[N+]1(CC[N+]2(C)C)CC1=CC(Br)=CC(Br)=C1[O]3	examples/manta_constructions
ex_0067	O=C=[N][Zn-2]([N]=C=O)([N+]1=C2N=CC=CN2N=C1)[N+]1=C2N=CC=CN2N=C1	examples/manta_constructions
ex_0071	BrC1=CC=C(C2=C(C3=CC=C(Br)C=C3)[S][Co-]3([S]2)[S]C(C2=CC=C(Br)C=C2)=C(C2=CC=C(Br)C=C2)[S]3)C=C1	examples/manta_constructions
ex_0075	CC(C)P(=[Se+][Au-][Cl])(C(C)(C)C)C(C)(C)C	examples/manta_constructions
ex_0077	CC1=CC(C)=[N+]([Pd-2]([N+]2=C(C)C=C(C)N2)([N+]2=C(C)C=C(C)N2)[N+]2=C(C)C=C(C)N2)N1	examples/manta_constructions
ex_0079	[Br][Au][Se][P](C1=CC=CC=C1)(C1=CC=CC=C1)C1=CC=CC=C1	examples/manta_constructions
ex_0083	BrC1=C[N]2[N+](=C1)[BH-]1[N+]3=CC(Br)=C[N]3[Cd-4]234([N]2C=C(Br)C=[N+]12)[N]1C=C(Br)C=[N+]1[BH-]([N+]1=CC(Br)=C[N]13)[N+]1=CC(Br)=C[N]14	examples/manta_constructions
ex_0085	S=C=[N][Fe-2]([N]=C=S)([N]=C=S)([N+]1=CC=C(C2=CC=NC=C2)C=C1)[N+]1=CC=C(C2=CC=NC=C2)C=C1	examples/manta_constructions
ex_0087	[Br][Pt-2]([Br])([Br])([Br])([N+]1=CC=C(C2=CC=CC=C2)C=C1)[N+]1=CC=C(C2=CC=CC=C2)C=C1	examples/manta_constructions
ex_0088	CC1=[N+]([Zn-2]([N]=C=S)([N]=C=S)[N+]2=C(C)NC=C2)C=CN1	examples/manta_constructions
ex_0089	[Cl][Fe-3]([Cl])([N+]1=CNC=C1)([N+]1=CNC=C1)([N+]1=CNC=C1)[N+]1=CNC=C1	examples/manta_constructions
ex_0092	CC(C)(C)C1=CC2=C([O][Ni-]3([O]C4=C(C=C(C(C)(C)C)C=C4C(C)(C)C)[Se]3)[Se]2)C(C(C)(C)C)=C1	examples/manta_constructions
ex_0098	C1=CC=C([As+]([Au-][C]2=CC=CO2)(C2=CC=CC=C2)C2=CC=CC=C2)C=C1	examples/manta_constructions
ex_0099	O=[N+]([O-])[O][Zn-3]12([N+]3=CC=CC=C3C3=CC=CC=[N+]31)[N+]1=CC=CC=C1C1=CC=CC=[N+]12	examples/manta_constructions
ex_0101	CCN1C(=[Se])SC2=C1[S][Au-]1([S]2)[S]C2=C([S]1)N(CC)C(=[Se])S2	examples/manta_constructions
ex_0105	C1=CN[N+]([Mn-4]([N+]2=CC=CN2)([N+]2=CC=CN2)([N+]2=CC=CN2)([N+]2=CC=CN2)[N+]2=CC=CN2)=C1	examples/manta_constructions
ex_0108	[I][Pt-]([I])([I])[As](C1=CC=CC=C1)(C1=CC=CC=C1)C1=CC=CC=C1	examples/manta_constructions
ex_0110	CC1=[N+]2O[B-]3(C4=CC=CC=C4)O[N+]4=C(C)C5=[N+](C=CN5C)[Fe-4]245([N+]2=C1N(C)C=C2)[N+]1=C(C(C)=[N+]5O3)N(C)C=C1	examples/manta_constructions
ex_0112	C1=CC2=NC3=C4C=CC5=[N+]4[Ni-4]46[N+](=C5)CCCC[N+]4=CC4=[N+]6C(=C3N=C2C=C1)C=C4	examples/manta_constructions
ex_0113	[Br][Cu-4]([Br])([N+]1=CC=CN1)([N+]1=CC=CN1)([N+]1=CC=CN1)[N+]1=CC=CN1	examples/manta_constructions
ex_0115	C1=CC=C2C(=C1)C=CC1=C2[N+]2=NC3=[N+](C=CS3)[Co-3]234([O]C2=CC=C5C=CC=CC5=C2[N+]3=NC2=[N+]4C=CS2)[O]1	examples/manta_constructions
ex_0116	CC(C)C1=CC=CC(C(C)C)=C1N1C=CN(C2=C(C(C)C)C=CC=C2C(C)C)C1=[Se+][Cu-][Cl]	examples/manta_constructions
ex_0117	CC1=CC=C([B-]23C4=CC=CC5=[N+]4[Sc-3]4([Cl])([N]6C=CC=[N+]62)([N]2C=CC=[N+]23)[N]2C=CC=[N+]2[B-]5(C2=CC=C(C)C=C2)[N+]2=CC=C[N]24)C=C1	examples/manta_constructions
ex_0119	CC1=CC=CC=C1[As+]([Au-][Cl])(C1=CC=CC=C1C)C1=CC=CC=C1C	examples/manta_constructions
ex_0120	C1=CC=C2C(=C1)[O][Co-4]134([O]C5=CC=CC=C5[N+]1=CC1=[N+]3C=CN1)[N+]2=CC1=[N+]4C=CN1	examples/manta_constructions
ex_0122	O=C(O)C1=CC=[N+]([Rh-3]([Cl])([Cl])([N+]2=CC=C(C(=O)O)C=C2)([N+]2=CC=C(C(=O)O)C=C2)[N+]2=CC=C(C(=O)O)C=C2)C=C1	examples/manta_constructions
ex_0123	[Br][Os-2]([Br])([Br])([Br])([S+]1CCCC1)[S+]1CCCC1	examples/manta_constructions
ex_0129	C1=CC=[As+]([W-6]([As+]2=CC=CC=C2)([As+]2=CC=CC=C2)([As+]2=CC=CC=C2)([As+]2=CC=CC=C2)[As+]2=CC=CC=C2)C=C1	examples/manta_constructions
ex_0134	C[As+]1(C)C2=CC=CC=C2[As+](C)(C)[Ru-2]1([Cl])([N]=O)([O][N+](=O)[O-])[O][N+](=O)[O-]	examples/manta_constructions
ex_0149	[Br][W-2]1([Br])([Br])([Br])[P+](C2=CC=CC=C2)(C2=CC=CC=C2)CC[P+]1(C1=CC=CC=C1)C1=CC=CC=C1	examples/manta_constructions
ex_0207	CC1=C(C)[S][W-]2([Se]C(C)(C)C)([S]1)[S]C(C)=C(C)[S]2	examples/manta_constructions
ex_0216	[O+]#[C][Rh-3]1([As+](C2=CC=CC=C2)(C2=CC=CC=C2)C2=CC=CC=C2)[O]N(C2=CC=CC=C2)N=[O+]1	examples/manta_constructions
ex_0225	C[As+](C)(C1=CC=CC=C1)[Ru-3]([Br])([Br])([Br])([As+](C)(C)C1=CC=CC=C1)[As+](C)(C)C1=CC=CC=C1	examples/manta_constructions
t_pt_cis_trans	[Pt](Cl)(Cl)(N)N	tests/test_cli_dashboard_parity.py
t_pt_en	[Pt]1(Cl)(Cl)NCCN1	tests/test_cli_dashboard_parity.py
t_co_hexammine	Cl[Co+3](Cl)([NH3])([NH3])([NH3])[NH3]	tests/test_cli_dashboard_parity.py
t_ir_eta2x4	[Cl][Sn]([Cl])([Cl])[Ir]123456([C]7=[C]1CC[C]2=[C]3CC7)[C]1=[C]4CC[C]5=[C]6CC1	tests/test_cli_dashboard_parity.py
t_pt_dot	[Pt](Cl)(Cl)(N)N.Cl	tests/test_cli_dashboard_parity.py
t_fe_oh7	[Fe+2](O)(O)(O)(O)(O)(O)O	tests/test_an_isomer_is_the_molecule_that_was_asked_for.py
t_zr_oh8	[Zr+4](O)(O)(O)(O)(O)(O)(O)O	tests/test_an_isomer_is_the_molecule_that_was_asked_for.py
t_fe2_mucl2	[Fe+2]1(N)(N)(Cl[Fe+2](N)(N)Cl1)Cl	tests/test_an_isomer_is_the_molecule_that_was_asked_for.py
t_fe_co3_nhc2	O#[C][Fe-2]([C]#O)(C1=[N+](C)C=CN1C)([C]#O)C2=[N+](C)C=CN2C	tests/test_user_smiles_suite.py
t_ti_naphthoxide	c1ccc2ccccc2c1O[Ti](Oc1cccc2ccccc12)(Oc1cccc2ccccc12)	tests
o_aspirin	CC(=O)Oc1ccccc1C(=O)O	tests
o_caffeine	CN1C=NC2=C1C(=O)N(C(=O)N2C)C	tests
o_adamantane	C1C2CC3CC1CC(C2)C3	tests
o_tbu_benzene	CC(C)(C)c1ccccc1	tests
